record_id,emp_id,effective_date,base_salary_idr,allowances_idr,total_idr,change_reason
SAL0001,EMP0001,2015-10-29,8815800,1752795,10568595,initial
SAL0002,EMP0001,2016-08-08,9150239,1708467,10858706,market_adjustment
SAL0003,EMP0001,2017-10-12,10180039,1921570,12101609,market_adjustment
SAL0004,EMP0002,2022-02-06,39346388,5527643,44874031,initial
SAL0005,EMP0002,2022-08-26,43397161,7465183,50862344,market_adjustment
SAL0006,EMP0002,2023-09-11,47883584,7631713,55515297,correction
SAL0007,EMP0003,2021-10-15,42623812,6996246,49620058,initial
SAL0008,EMP0003,08-04-2023,47927509,5316676,53244185,correction
SAL0009,EMP0004,22-08-2019,7916379,1446330,9362709,initial
SAL0010,EMP0004,10/03/2020,8987731,1364969,10352700,annual_review
SAL0011,EMP0004,27/03/2021,10318451,1607306,11925757,annual_review
SAL0012,EMP0004,2022-06-14,11575436,1377303,12952739,annual_review
SAL0013,EMP0005,2019-10-15,7843622,1096569,8940191,initial
SAL0014,EMP0005,2020-09-14,8807142,1287029,10094171,promotion
SAL0015,EMP0005,2021-10-15,9382515,1585600,10968115,annual_review
SAL0016,EMP0006,02-10-2015,9790290,1118285,10908575,initial
SAL0017,EMP0006,23/02/2017,10614669,1181594,11796263,correction
SAL0018,EMP0006,2018-06-17,12127695,1376865,13504560,correction
SAL0019,EMP0007,2024-02-08,7734593,1023643,8758236,initial
SAL0020,EMP0007,18/08/2024,8132657,1542453,9675110,correction
SAL0021,EMP0007,28/05/2025,9237932,1154817,10392749,annual_review
SAL0022,EMP0008,19/12/2018,26605092,4386052,30991144,initial
SAL0023,EMP0008,08/09/2019,29696735,3240481,32937216,annual_review
SAL0024,EMP0009,09-09-2020,26848518,3891419,30739937,initial
SAL0025,EMP0009,2021-09-09,27928816,4822954,32751770,market_adjustment
SAL0026,EMP0009,2022-11-24,30818015,4248813,35066828,annual_review
SAL0027,EMP0010,14/02/2019,7596381,792990,8389371,initial
SAL0028,EMP0010,2019-11-08,8655850,1619773,10275623,correction
SAL0029,EMP0010,2020-07-21,9083924,1070873,10154797,annual_review
SAL0030,EMP0011,18-11-2021,8986543,944764,9931307,initial
SAL0031,EMP0011,2022-10-21,9589919,1235930,10825849,market_adjustment
SAL0032,EMP0012,23-10-2018,18031576,2015125,20046701,initial
SAL0033,EMP0012,2019-06-27,20650699,3350700,24001399,annual_review
SAL0034,EMP0012,01-05-2020,21300471,3952112,25252583,market_adjustment
SAL0035,EMP0012,2021-08-02,24003384,4519124,28522508,correction
SAL0036,EMP0013,2015-10-13,4498867,547455,5046322,initial
SAL0037,EMP0013,13/03/2017,4890652,705171,5595823,market_adjustment
SAL0038,EMP0013,2018-07-13,5389558,1014405,6403963,annual_review
SAL0039,EMP0013,2019-05-31,5952076,1083350,7035426,correction
SAL0040,EMP0014,2020-02-02,6870895,720701,7591596,initial
SAL0041,EMP0014,2020-10-14,7122422,738396,7860818,promotion
SAL0042,EMP0015,2021-09-08,9581219,989195,10570414,initial
SAL0043,EMP0015,2022-12-27,10832159,1441880,12274039,promotion
SAL0044,EMP0015,08/08/2023,11220857,2237141,13457998,market_adjustment
SAL0045,EMP0016,23-07-2022,4338344,725410,5063754,initial
SAL0046,EMP0016,2023-11-27,4812572,756672,5569244,correction
SAL0047,EMP0016,2025-03-08,5059410,885060,5944470,market_adjustment
SAL0048,EMP0017,24-08-2019,37085925,7163071,44248996,initial
SAL0049,EMP0017,2020-04-07,41618620,5695797,47314417,promotion
SAL0050,EMP0018,2018-03-06,4794693,872761,5667454,initial
SAL0051,EMP0018,08/04/2019,5423743,701199,6124942,annual_review
SAL0052,EMP0018,12-12-2019,5665874,753112,6418986,promotion
SAL0053,EMP0019,13-08-2015,38883411,5928344,44811755,initial
SAL0054,EMP0019,30-01-2017,41025347,4550950,45576297,annual_review
SAL0055,EMP0019,16/06/2018,44860133,6655731,51515864,annual_review
SAL0056,EMP0020,2018-03-31,8888425,1426394,10314819,initial
SAL0057,EMP0020,21-02-2019,9610577,1210605,10821182,promotion
SAL0058,EMP0021,2016-06-13,8412323,1678278,10090601,initial
SAL0059,EMP0021,2017-06-09,9600585,1500220,11100805,correction
SAL0060,EMP0021,29/08/2018,10728674,1601259,12329933,market_adjustment
SAL0061,EMP0022,23/10/2015,13018342,2452217,15470559,initial
SAL0062,EMP0022,17/08/2016,14515847,1453879,15969726,annual_review
SAL0063,EMP0023,2024-09-01,6100607,893669,6994276,initial
SAL0064,EMP0023,2025-04-29,6823505,1227933,8051438,annual_review
SAL0065,EMP0023,17/06/2025,7065460,1102505,8167965,promotion
SAL0066,EMP0024,2018-03-31,5336941,647017,5983958,initial
SAL0067,EMP0024,20-08-2019,5625896,705722,6331618,promotion
SAL0068,EMP0024,21/03/2020,6002452,930376,6932828,correction
SAL0069,EMP0025,2020-02-28,9217167,927367,10144534,initial
SAL0070,EMP0025,12/08/2021,9862312,1700653,11562965,market_adjustment
SAL0071,EMP0025,20/12/2022,11294453,1348575,12643028,annual_review
SAL0072,EMP0026,2019-06-29,36339279,6985426,43324705,initial
SAL0073,EMP0026,2020-08-27,41424581,6817045,48241626,annual_review
SAL0074,EMP0027,2018-09-26,8019538,926566,8946104,initial
SAL0075,EMP0027,15-11-2019,9118591,1728819,10847410,correction
SAL0076,EMP0027,04/01/2021,10250013,1975987,12226000,market_adjustment
SAL0077,EMP0028,2023-09-15,6234974,1144183,7379157,initial
SAL0078,EMP0028,2024-08-13,6844711,1064473,7909184,promotion
SAL0079,EMP0028,2025-02-18,7221111,1299464,8520575,promotion
SAL0080,EMP0029,2017-03-19,9724665,1746338,11471003,initial
SAL0081,EMP0029,18/10/2017,11147904,2052038,13199942,promotion
SAL0082,EMP0029,2018-10-06,12798175,2357943,15156118,correction
SAL0083,EMP0029,2020-01-21,14112326,2251186,16363512,annual_review
SAL0084,EMP0030,2020-03-15,35344207,6027128,41371335,initial
SAL0085,EMP0030,2021-02-19,39415181,5572792,44987973,promotion
SAL0086,EMP0031,2019-12-07,8084797,1517555,9602352,initial
SAL0087,EMP0031,11/12/2020,8765769,1066040,9831809,promotion
SAL0088,EMP0031,2021-11-10,9212836,1644439,10857275,promotion
SAL0089,EMP0032,12/12/2018,5631144,676918,6308062,initial
SAL0090,EMP0032,2019-07-27,6099953,1097396,7197349,annual_review
SAL0091,EMP0032,2020-10-05,6395735,1230307,7626042,promotion
SAL0092,EMP0033,2019-02-19,9072080,1699998,10772078,initial
SAL0093,EMP0033,2020-01-23,10188526,1802840,11991366,annual_review
SAL0094,EMP0034,2021-03-20,28296775,5156064,33452839,initial
SAL0095,EMP0034,2022-06-07,31443548,3789535,35233083,annual_review
SAL0096,EMP0035,09/09/2016,26226499,3827412,30053911,initial
SAL0097,EMP0035,30/11/2017,27377850,5290324,32668174,promotion
SAL0098,EMP0035,15/05/2019,30985562,4131273,35116835,annual_review
SAL0099,EMP0035,04/12/2019,32298492,3302457,35600949,promotion
SAL0100,EMP0036,2022-03-31,27725414,3637970,31363384,initial
SAL0101,EMP0036,12/01/2023,29624761,3811425,33436186,annual_review
SAL0102,EMP0036,08/04/2024,31648072,5288785,36936857,market_adjustment
SAL0103,EMP0037,2021-11-02,34148757,3924787,38073544,initial
SAL0104,EMP0037,18/09/2022,35642261,5558858,41201119,correction
SAL0105,EMP0037,08/05/2023,37595075,5824851,43419926,promotion
SAL0106,EMP0037,21-03-2024,39361548,6195834,45557382,promotion
SAL0107,EMP0038,2022-08-12,17873517,1914687,19788204,initial
SAL0108,EMP0038,18/12/2023,20323425,2933986,23257411,correction
SAL0109,EMP0038,20/08/2024,21003835,2322870,23326705,annual_review
SAL0110,EMP0039,09/03/2018,6225653,676180,6901833,initial
SAL0111,EMP0039,2019-03-24,6546136,1238054,7784190,correction
SAL0112,EMP0039,07/08/2020,7399365,1195970,8595335,market_adjustment
SAL0113,EMP0040,03/12/2018,7310471,973997,8284468,initial
SAL0114,EMP0040,10/09/2019,8155180,879573,9034753,correction
SAL0115,EMP0041,2022-03-20,9870436,1732994,11603430,initial
SAL0116,EMP0041,2023-05-12,10839068,1964961,12804029,annual_review
SAL0117,EMP0042,2020-09-13,5928727,1007053,6935780,initial
SAL0118,EMP0042,30/04/2021,6430712,945665,7376377,market_adjustment
SAL0119,EMP0042,2022-02-18,6734541,847240,7581781,correction
SAL0120,EMP0043,2023-08-05,16097668,2240919,18338587,initial
SAL0121,EMP0043,2025-01-24,18352496,3282855,21635351,promotion
SAL0122,EMP0043,16/06/2025,19976706,2947232,22923938,annual_review
SAL0123,EMP0044,2024-06-20,7474049,1105151,8579200,initial
SAL0124,EMP0044,14/03/2025,7951423,1275758,9227181,promotion
SAL0125,EMP0045,2024-10-29,17137316,2584220,19721536,initial
SAL0126,EMP0045,2025-06-04,19120322,2535105,21655427,annual_review
SAL0127,EMP0045,2025-06-28,21512115,3142865,24654980,correction
SAL0128,EMP0045,2025-06-17,22773349,3525198,26298547,annual_review
SAL0129,EMP0046,2024-01-27,41185807,5699359,46885166,initial
SAL0130,EMP0046,2025-01-15,43450555,6218419,49668974,correction
SAL0131,EMP0046,2025-06-12,48859245,8277406,57136651,correction
SAL0132,EMP0047,25/12/2019,4362986,725395,5088381,initial
SAL0133,EMP0047,2020-07-31,4880977,896512,5777489,correction
SAL0134,EMP0048,13/05/2024,4239752,675037,4914789,initial
SAL0135,EMP0048,2025-06-20,4649356,546845,5196201,market_adjustment
SAL0136,EMP0049,21/08/2020,4851011,518867,5369878,initial
SAL0137,EMP0049,2021-04-13,5395590,955744,6351334,correction
SAL0138,EMP0049,2022-04-22,5769444,629176,6398620,annual_review
SAL0139,EMP0050,2015-08-02,9426887,1073643,10500530,initial
SAL0140,EMP0050,2016-11-21,10731480,1885604,12617084,annual_review
SAL0141,EMP0050,2018-04-23,11245581,1452370,12697951,correction
SAL0142,EMP0051,2024-07-18,45655174,7204073,52859247,initial
SAL0143,EMP0051,24/04/2025,48151571,6258429,54410000,promotion
SAL0144,EMP0051,2025-06-21,54903393,9431256,64334649,market_adjustment
SAL0145,EMP0051,2025-06-28,60389737,11995948,72385685,correction
SAL0146,EMP0052,2016-08-26,38562614,7124970,45687584,initial
SAL0147,EMP0052,2017-07-22,40008298,7873231,47881529,correction
SAL0148,EMP0053,2019-08-27,6003537,1022614,7026151,initial
SAL0149,EMP0053,24/08/2020,6262672,1168413,7431085,promotion
SAL0150,EMP0053,2021-06-20,6774995,944616,7719611,correction
SAL0151,EMP0054,16-03-2019,4667161,798912,5466073,initial
SAL0152,EMP0054,2020-04-06,5020874,608136,5629010,correction
SAL0153,EMP0054,2020-12-30,5457612,848888,6306500,annual_review
SAL0154,EMP0055,16/11/2023,29148690,5609613,34758303,initial
SAL0155,EMP0055,13/12/2024,30562753,3466664,34029417,annual_review
SAL0156,EMP0055,2025-06-10,31537244,5228643,36765887,market_adjustment
SAL0157,EMP0056,06/07/2023,6569484,712567,7282051,initial
SAL0158,EMP0056,2024-11-25,7401922,1401614,8803536,market_adjustment
SAL0159,EMP0056,11-06-2025,8450310,996965,9447275,correction
SAL0160,EMP0057,13/05/2024,8136641,1158759,9295400,initial
SAL0161,EMP0057,2025-06-27,8756374,1038322,9794696,annual_review
SAL0162,EMP0057,30-06-2025,9626342,1648154,11274496,annual_review
SAL0163,EMP0057,2025-06-17,10985463,1501679,12487142,correction
SAL0164,EMP0058,31/08/2017,15635269,2451844,18087113,initial
SAL0165,EMP0058,2019-02-22,16795866,2488362,19284228,correction
SAL0166,EMP0058,2020-08-08,17461109,3463549,20924658,correction
SAL0167,EMP0059,2020-02-16,34375791,5035834,39411625,initial
SAL0168,EMP0059,2020-09-23,37565961,4088853,41654814,correction
SAL0169,EMP0059,18/11/2021,41535914,6994955,48530869,annual_review
SAL0170,EMP0060,13-06-2021,43092456,7748446,50840902,initial
SAL0171,EMP0060,18/05/2022,47555313,7299898,54855211,promotion
SAL0172,EMP0060,2022-11-19,51657636,9846229,61503865,correction
SAL0173,EMP0061,2017-09-12,24629539,4270305,28899844,initial
SAL0174,EMP0061,2018-10-12,26411479,3404990,29816469,promotion
SAL0175,EMP0062,2020-11-24,6148168,1042145,7190313,initial
SAL0176,EMP0062,24/03/2022,6885524,867881,7753405,correction
SAL0177,EMP0062,2023-08-08,7483044,1176978,8660022,annual_review
SAL0178,EMP0063,2015-06-28,26011220,5177181,31188401,initial
SAL0179,EMP0063,2016-11-08,26876763,2909436,29786199,market_adjustment
SAL0180,EMP0063,20-01-2018,27930962,3497098,31428060,promotion
SAL0181,EMP0064,13/11/2018,8582843,1099438,9682281,initial
SAL0182,EMP0064,2019-09-20,8854956,1420176,10275132,annual_review
SAL0183,EMP0064,2021-01-14,9905827,1356867,11262694,market_adjustment
SAL0184,EMP0065,18-10-2018,6735678,849539,7585217,initial
SAL0185,EMP0065,2020-04-08,7128661,1282711,8411372,annual_review
SAL0186,EMP0065,2020-10-21,7635806,1502226,9138032,annual_review
SAL0187,EMP0066,2015-06-01,24991571,4833224,29824795,initial
SAL0188,EMP0066,2016-02-14,28253313,5001875,33255188,market_adjustment
SAL0189,EMP0067,12/10/2020,18992095,3153955,22146050,initial
SAL0190,EMP0067,2022-03-02,19943104,3458854,23401958,correction
SAL0191,EMP0067,21-02-2023,20671408,3628832,24300240,promotion
SAL0192,EMP0068,17-03-2018,6486515,682720,7169235,initial
SAL0193,EMP0068,08/05/2019,6991486,1032129,8023615,promotion
SAL0194,EMP0068,02/08/2020,7397267,1090793,8488060,market_adjustment
SAL0195,EMP0069,25/11/2019,17435210,2668357,20103567,initial
SAL0196,EMP0069,2020-12-31,17983086,2485269,20468355,market_adjustment
SAL0197,EMP0069,2021-12-07,20598033,2260354,22858387,annual_review
SAL0198,EMP0070,2019-02-13,23913623,3915674,27829297,initial
SAL0199,EMP0070,20/03/2020,26382902,3522031,29904933,promotion
SAL0200,EMP0070,30-01-2021,29714481,4915795,34630276,promotion
SAL0201,EMP0071,2024-03-22,38124942,5570468,43695410,initial
SAL0202,EMP0071,2025-06-07,40374909,7148366,47523275,correction
SAL0203,EMP0071,2025-06-20,44869693,5892601,50762294,annual_review
SAL0204,EMP0072,31-05-2022,6044367,1011102,7055469,initial
SAL0205,EMP0072,31-12-2022,6234373,950906,7185279,annual_review
SAL0206,EMP0072,2024-06-13,6755024,1165410,7920434,annual_review
SAL0207,EMP0073,10-12-2018,19226115,2293828,21519943,initial
SAL0208,EMP0073,20/06/2019,21231930,4115821,25347751,annual_review
SAL0209,EMP0073,17/11/2020,24146565,4709760,28856325,annual_review
SAL0210,EMP0074,2015-11-04,25705254,2883590,28588844,initial
SAL0211,EMP0074,02/07/2016,26742881,3021697,29764578,correction
SAL0212,EMP0074,30-11-2017,29996498,5408968,35405466,correction
SAL0213,EMP0074,31-08-2018,34121622,4276584,38398206,annual_review
SAL0214,EMP0075,2022-08-09,40668429,6752902,47421331,initial
SAL0215,EMP0075,15/03/2023,45005865,7963153,52969018,promotion
SAL0216,EMP0075,30/08/2024,51234990,6441962,57676952,promotion
SAL0217,EMP0076,2019-01-23,28098497,3017770,31116267,initial
SAL0218,EMP0076,22/08/2019,30232181,6034218,36266399,promotion
SAL0219,EMP0076,2020-06-29,34605951,4076337,38682288,promotion
SAL0220,EMP0076,30-01-2021,37686109,6068601,43754710,annual_review
SAL0221,EMP0077,04/03/2019,6748440,1110444,7858884,initial
SAL0222,EMP0077,2019-10-25,7067403,861082,7928485,market_adjustment
SAL0223,EMP0077,2021-03-17,7369534,1264170,8633704,market_adjustment
SAL0224,EMP0078,2022-04-14,16732870,1731619,18464489,initial
SAL0225,EMP0078,16/11/2022,18382084,3266932,21649016,promotion
SAL0226,EMP0078,24/05/2023,20911118,3456326,24367444,annual_review
SAL0227,EMP0079,21/10/2020,6003639,1160439,7164078,initial
SAL0228,EMP0079,25-03-2022,6465067,1099097,7564164,annual_review
SAL0229,EMP0079,2023-04-09,7104829,1213224,8318053,correction
SAL0230,EMP0080,2017-05-28,5616884,837297,6454181,initial
SAL0231,EMP0080,2018-07-05,6057638,932954,6990592,annual_review
SAL0232,EMP0080,02/01/2019,6518811,730891,7249702,market_adjustment
SAL0233,EMP0081,26-01-2020,8245228,1595486,9840714,initial
SAL0234,EMP0081,2021-01-23,8822499,1235692,10058191,promotion
SAL0235,EMP0081,10-06-2022,10142714,1384840,11527554,annual_review
SAL0236,EMP0081,30/05/2023,10544921,1856383,12401304,market_adjustment
SAL0237,EMP0082,2021-03-02,7216174,1189075,8405249,initial
SAL0238,EMP0082,2021-11-27,7912802,1314106,9226908,market_adjustment
SAL0239,EMP0082,2022-10-26,8810951,1436728,10247679,annual_review
SAL0240,EMP0082,2023-10-24,9589666,1664117,11253783,market_adjustment
SAL0241,EMP0083,25/11/2023,6586963,682210,7269173,initial
SAL0242,EMP0083,2024-06-04,7353479,910717,8264196,correction
SAL0243,EMP0083,18-06-2025,7629669,1253865,8883534,correction
SAL0244,EMP0084,2017-08-27,8095827,1241851,9337678,initial
SAL0245,EMP0084,11/10/2018,9277727,962139,10239866,annual_review
SAL0246,EMP0085,15/06/2016,6235109,834082,7069191,initial
SAL0247,EMP0085,02/01/2017,6725568,1215379,7940947,annual_review
SAL0248,EMP0085,2018-06-07,7349528,844426,8193954,correction
SAL0249,EMP0085,26/09/2019,7775493,806223,8581716,annual_review
SAL0250,EMP0086,23/11/2020,17375493,2587027,19962520,initial
SAL0251,EMP0086,31/05/2021,18879278,1974398,20853676,correction
SAL0252,EMP0086,21-11-2022,20915490,2451816,23367306,annual_review
SAL0253,EMP0087,2020-01-18,15838156,3016633,18854789,initial
SAL0254,EMP0087,2020-09-03,17180315,3153192,20333507,annual_review
SAL0255,EMP0087,03-04-2021,19381732,2159473,21541205,annual_review
SAL0256,EMP0088,15-01-2017,44964128,8089834,53053962,initial
SAL0257,EMP0088,2017-11-03,46653574,6653786,53307360,annual_review
SAL0258,EMP0088,14-04-2019,50303797,9939292,60243089,annual_review
SAL0259,EMP0089,30-05-2018,8415780,1300982,9716762,initial
SAL0260,EMP0089,09/05/2019,9512955,1678302,11191257,annual_review
SAL0261,EMP0089,2020-09-03,9996343,1120335,11116678,annual_review
SAL0262,EMP0090,2024-06-26,17369560,3052787,20422347,initial
SAL0263,EMP0090,2025-03-19,19341968,2253351,21595319,correction
SAL0264,EMP0090,01-06-2025,21273037,2339965,23613002,annual_review
SAL0265,EMP0090,2025-06-11,22871402,2322888,25194290,annual_review
SAL0266,EMP0091,2021-11-21,23169958,2504029,25673987,initial
SAL0267,EMP0091,2022-05-23,24363895,4158286,28522181,annual_review
SAL0268,EMP0091,18-09-2023,27687856,4688948,32376804,market_adjustment
SAL0269,EMP0092,02/12/2016,9322898,1652542,10975440,initial
SAL0270,EMP0092,2018-05-20,9744545,1597935,11342480,annual_review
SAL0271,EMP0092,2019-08-10,10563576,2047315,12610891,annual_review
SAL0272,EMP0093,20/12/2017,25243127,4270313,29513440,initial
SAL0273,EMP0093,19/04/2019,26545673,4279294,30824967,market_adjustment
SAL0274,EMP0094,01/04/2018,16476750,2681083,19157833,initial
SAL0275,EMP0094,01/03/2019,17658832,2750734,20409566,annual_review
SAL0276,EMP0094,2019-12-04,18437603,3644729,22082332,correction
SAL0277,EMP0094,2021-04-13,19791442,2983640,22775082,correction
SAL0278,EMP0095,2022-09-21,7947063,1406893,9353956,initial
SAL0279,EMP0095,2024-02-20,8383937,1000806,9384743,annual_review
SAL0280,EMP0096,25/10/2018,9341236,1073511,10414747,initial
SAL0281,EMP0096,2019-12-21,10179161,1700065,11879226,annual_review
SAL0282,EMP0096,2020-07-10,10550530,1355811,11906341,promotion
SAL0283,EMP0097,10/10/2020,7823145,978974,8802119,initial
SAL0284,EMP0097,17/02/2022,8813699,919548,9733247,market_adjustment
SAL0285,EMP0098,16/01/2020,9105533,958317,10063850,initial
SAL0286,EMP0098,2021-04-15,9570885,1421335,10992220,annual_review
SAL0287,EMP0098,2021-12-10,9939394,1710970,11650364,annual_review
SAL0288,EMP0098,2023-04-07,10929073,1310124,12239197,market_adjustment
SAL0289,EMP0099,2019-09-09,47711402,9057402,56768804,initial
SAL0290,EMP0099,2020-07-02,53602664,6581238,60183902,promotion
SAL0291,EMP0100,02-08-2020,6994546,1215475,8210021,initial
SAL0292,EMP0100,2021-05-11,7519583,807249,8326832,annual_review
SAL0293,EMP0100,2022-09-02,8182275,936822,9119097,market_adjustment
SAL0294,EMP0100,2024-01-07,8874486,1218897,10093383,market_adjustment
SAL0295,EMP0101,30-05-2019,7919901,1362081,9281982,initial
SAL0296,EMP0101,2020-10-14,8498297,1021674,9519971,promotion
SAL0297,EMP0101,2021-06-16,8785975,931007,9716982,correction
SAL0298,EMP0102,27/07/2015,6572528,730279,7302807,initial
SAL0299,EMP0102,2016-09-17,7131386,1255366,8386752,annual_review
SAL0300,EMP0102,2017-07-06,8103886,937447,9041333,correction
SAL0301,EMP0103,2019-11-01,9332648,1528687,10861335,initial
SAL0302,EMP0103,08/03/2021,10626800,2093623,12720423,correction
SAL0303,EMP0104,29-07-2015,29344587,3608510,32953097,initial
SAL0304,EMP0104,22/08/2016,33242629,6190439,39433068,market_adjustment
SAL0305,EMP0104,2017-06-08,36599792,4681738,41281530,market_adjustment
SAL0306,EMP0104,2018-07-12,40931064,5107506,46038570,annual_review
SAL0307,EMP0105,2019-05-02,4910685,775626,5686311,initial
SAL0308,EMP0105,2020-08-26,5615615,1065985,6681600,correction
SAL0309,EMP0105,2021-09-23,6444603,1283296,7727899,annual_review
SAL0310,EMP0106,2016-05-01,49611380,8774300,58385680,initial
SAL0311,EMP0106,2016-11-14,53634055,7933921,61567976,market_adjustment
SAL0312,EMP0106,2018-05-04,60528978,9050807,69579785,market_adjustment
SAL0313,EMP0107,20/06/2023,16394044,2554990,18949034,initial
SAL0314,EMP0107,23-12-2023,18249508,3558533,21808041,market_adjustment
SAL0315,EMP0107,26-08-2024,19581880,3226389,22808269,annual_review
SAL0316,EMP0107,09/04/2025,20206769,2347628,22554397,promotion
SAL0317,EMP0108,2015-06-09,7926371,1472657,9399028,initial
SAL0318,EMP0108,2016-09-29,8187383,1198436,9385819,market_adjustment
SAL0319,EMP0108,2017-06-06,9291892,1101038,10392930,market_adjustment
SAL0320,EMP0109,2020-10-12,37429248,6089031,43518279,initial
SAL0321,EMP0109,2022-04-05,41397058,5732992,47130050,annual_review
SAL0322,EMP0109,2023-09-20,44292729,5742950,50035679,annual_review
SAL0323,EMP0109,2024-08-03,49331762,7609104,56940866,correction
SAL0324,EMP0110,2021-08-28,28329141,3419742,31748883,initial
SAL0325,EMP0110,09-02-2023,29454235,5112550,34566785,promotion
SAL0326,EMP0110,05-09-2023,32157202,6071208,38228410,promotion
SAL0327,EMP0111,2018-05-12,16861709,2331898,19193607,initial
SAL0328,EMP0111,2019-07-04,18620318,2544341,21164659,promotion
SAL0329,EMP0111,2020-11-26,20427510,3188240,23615750,annual_review
SAL0330,EMP0111,06/09/2021,21379609,2648148,24027757,promotion
SAL0331,EMP0112,2021-07-18,16905181,2787729,19692910,initial
SAL0332,EMP0112,2022-11-07,19179532,3362504,22542036,annual_review
SAL0333,EMP0112,2023-08-29,20492479,3081179,23573658,promotion
SAL0334,EMP0113,23-06-2021,7773893,992839,8766732,initial
SAL0335,EMP0113,2022-01-21,8354895,1241726,9596621,market_adjustment
SAL0336,EMP0113,2023-04-15,9437248,1613604,11050852,market_adjustment
SAL0337,EMP0114,2023-09-08,47760249,8718055,56478304,initial
SAL0338,EMP0114,2024-08-02,51783448,9320522,61103970,promotion
SAL0339,EMP0115,2017-02-20,5982574,1012983,6995557,initial
SAL0340,EMP0115,21/09/2017,6297271,684707,6981978,market_adjustment
SAL0341,EMP0115,06-10-2018,7164742,1403040,8567782,promotion
SAL0342,EMP0116,08/08/2019,6322740,701422,7024162,initial
SAL0343,EMP0116,24/06/2020,6597418,987190,7584608,annual_review
SAL0344,EMP0117,2017-04-29,31853699,4843952,36697651,initial
SAL0345,EMP0117,2018-09-12,32896042,6479120,39375162,market_adjustment
SAL0346,EMP0118,2020-02-26,8270942,1597715,9868657,initial
SAL0347,EMP0118,2021-04-23,8863174,1540161,10403335,market_adjustment
SAL0348,EMP0118,2021-10-30,9439120,964712,10403832,annual_review
SAL0349,EMP0118,24/08/2022,10668033,1754541,12422574,correction
SAL0350,EMP0119,03-11-2021,21907041,3458474,25365515,initial
SAL0351,EMP0119,02/04/2023,24262620,3605785,27868405,promotion
SAL0352,EMP0120,2018-05-04,8792799,1492018,10284817,initial
SAL0353,EMP0120,2019-08-07,9526388,1493024,11019412,promotion
SAL0354,EMP0121,2023-12-02,9767667,1747775,11515442,initial
SAL0355,EMP0121,25/08/2024,10985813,1630561,12616374,annual_review
SAL0356,EMP0121,06-06-2025,12430026,1681932,14111958,annual_review
SAL0357,EMP0122,2024-03-06,7912294,1547813,9460107,initial
SAL0358,EMP0122,2025-06-01,8302328,1067053,9369381,correction
SAL0359,EMP0122,2025-06-04,9256874,1074958,10331832,annual_review
SAL0360,EMP0123,2018-11-19,4245193,441988,4687181,initial
SAL0361,EMP0123,27-10-2019,4665225,588008,5253233,market_adjustment
SAL0362,EMP0124,2018-01-15,31190678,3758961,34949639,initial
SAL0363,EMP0124,31-07-2018,34617485,3973894,38591379,promotion
SAL0364,EMP0124,2019-09-13,37898668,5812302,43710970,annual_review
SAL0365,EMP0125,2017-09-07,17038264,3272086,20310350,initial
SAL0366,EMP0125,29/09/2018,19453067,3789047,23242114,annual_review
SAL0367,EMP0126,2016-02-15,20372365,2355153,22727518,initial
SAL0368,EMP0126,2017-05-19,23368571,3849373,27217944,promotion
SAL0369,EMP0126,15/04/2018,25398581,5002518,30401099,promotion
SAL0370,EMP0127,22-01-2015,9163183,1814942,10978125,initial
SAL0371,EMP0127,2016-05-09,10171376,1758166,11929542,correction
SAL0372,EMP0127,2017-06-19,10889903,1885739,12775642,annual_review
SAL0373,EMP0128,24/06/2023,5887802,612379,6500181,initial
SAL0374,EMP0128,2024-12-02,6453709,661373,7115082,promotion
SAL0375,EMP0129,2017-08-09,25360299,4668518,30028817,initial
SAL0376,EMP0129,2018-09-21,27208740,2870613,30079353,promotion
SAL0377,EMP0130,2024-05-18,8689860,1038568,9728428,initial
SAL0378,EMP0130,2025-06-23,9765264,1167647,10932911,promotion
SAL0379,EMP0130,13/06/2025,11053635,2184020,13237655,annual_review
SAL0380,EMP0130,2025-06-24,12035815,1931841,13967656,correction
SAL0381,EMP0131,15/05/2021,9956915,1051497,11008412,initial
SAL0382,EMP0131,2022-10-18,10687033,1833856,12520889,annual_review
SAL0383,EMP0131,20-11-2023,11481673,1162164,12643837,promotion
SAL0384,EMP0132,2020-07-16,36573601,4942391,41515992,initial
SAL0385,EMP0132,28-08-2021,41507972,5046104,46554076,annual_review
SAL0386,EMP0132,2022-10-09,46446728,8377529,54824257,market_adjustment
SAL0387,EMP0133,2018-09-16,7210618,839164,8049782,initial
SAL0388,EMP0133,2019-10-18,8057380,918192,8975572,market_adjustment
SAL0389,EMP0133,2021-02-09,8877236,1072178,9949414,annual_review
SAL0390,EMP0133,2022-04-08,10196445,2025664,12222109,correction
SAL0391,EMP0134,2023-11-13,6277309,1213499,7490808,initial
SAL0392,EMP0134,09-03-2025,7035191,708175,7743366,annual_review
SAL0393,EMP0134,2025-06-01,7476997,1163281,8640278,annual_review
SAL0394,EMP0134,2025-06-06,8522166,1010734,9532900,annual_review
SAL0395,EMP0135,10-04-2024,21405029,2760099,24165128,initial
SAL0396,EMP0135,15/06/2025,22155659,4064644,26220303,promotion
SAL0397,EMP0135,15-06-2025,24307277,2976475,27283752,market_adjustment
SAL0398,EMP0135,2025-06-26,25802690,2900678,28703368,market_adjustment
SAL0399,EMP0136,2017-01-26,26172173,4953571,31125744,initial
SAL0400,EMP0136,2018-02-23,27520685,2830344,30351029,annual_review
SAL0401,EMP0136,10-01-2019,29974595,4792611,34767206,annual_review
SAL0402,EMP0137,22/08/2017,4758664,752376,5511040,initial
SAL0403,EMP0137,04/12/2018,5150436,838488,5988924,promotion
SAL0404,EMP0138,16/02/2015,22986637,4538156,27524793,initial
SAL0405,EMP0138,2015-10-15,24705675,2513913,27219588,correction
SAL0406,EMP0138,22/08/2016,25929635,2971891,28901526,annual_review
SAL0407,EMP0139,10/06/2018,22735034,4270360,27005394,initial
SAL0408,EMP0139,2019-02-14,24392105,3104310,27496415,annual_review
SAL0409,EMP0140,14/02/2019,7759569,1269657,9029226,initial
SAL0410,EMP0140,11/02/2020,8037716,1229458,9267174,promotion
SAL0411,EMP0140,2020-09-17,8774485,1548424,10322909,annual_review
SAL0412,EMP0140,2022-01-16,9830190,1300147,11130337,correction
SAL0413,EMP0141,11/03/2019,35610261,6505360,42115621,initial
SAL0414,EMP0141,2020-08-22,40096629,6758061,46854690,promotion
SAL0415,EMP0142,18/07/2023,8887135,1210892,10098027,initial
SAL0416,EMP0142,2024-10-13,9772343,989838,10762181,annual_review
SAL0417,EMP0143,2015-11-16,23693462,3036122,26729584,initial
SAL0418,EMP0143,17-01-2017,25575654,2819505,28395159,annual_review
SAL0419,EMP0143,2017-10-03,27887845,5006165,32894010,annual_review
SAL0420,EMP0144,2016-09-05,8343169,1346110,9689279,initial
SAL0421,EMP0144,2017-11-28,9440532,1607028,11047560,correction
SAL0422,EMP0144,24/07/2018,10196544,1138511,11335055,annual_review
SAL0423,EMP0145,2023-01-15,4275213,822298,5097511,initial
SAL0424,EMP0145,2024-03-15,4582109,521908,5104017,promotion
SAL0425,EMP0146,2020-10-03,7853621,1484119,9337740,initial
SAL0426,EMP0146,31-01-2022,8582237,1006015,9588252,promotion
SAL0427,EMP0146,2023-01-01,8869322,1084148,9953470,annual_review
SAL0428,EMP0147,10/02/2023,29374973,4976837,34351810,initial
SAL0429,EMP0147,2024-07-26,31054896,3757148,34812044,annual_review
SAL0430,EMP0148,27-10-2015,6329693,901857,7231550,initial
SAL0431,EMP0148,20/06/2016,6578628,1156084,7734712,market_adjustment
SAL0432,EMP0148,2017-01-07,6930993,1242765,8173758,annual_review
SAL0433,EMP0149,17/04/2020,8153687,1299025,9452712,initial
SAL0434,EMP0149,11-06-2021,8514656,888318,9402974,promotion
SAL0435,EMP0149,11/05/2022,9452207,1684733,11136940,annual_review
SAL0436,EMP0149,11/09/2023,9968752,1181079,11149831,annual_review
SAL0437,EMP0150,2019-03-14,7474439,769313,8243752,initial
SAL0438,EMP0150,23/11/2019,8457353,1648161,10105514,promotion
SAL0439,EMP0150,2020-11-15,9068518,1614923,10683441,correction
SAL0440,EMP0151,2016-06-28,45567404,5658662,51226066,initial
SAL0441,EMP0151,12/10/2017,47308099,8341572,55649671,correction
SAL0442,EMP0151,05/01/2019,49959233,9813311,59772544,annual_review
SAL0443,EMP0152,01-03-2023,6720470,1278005,7998475,initial
SAL0444,EMP0152,29/05/2024,6925575,1332641,8258216,annual_review
SAL0445,EMP0153,04/10/2019,41917985,7760263,49678248,initial
SAL0446,EMP0153,30/11/2020,45018891,5335304,50354195,correction
SAL0447,EMP0153,2022-05-08,51543466,9456896,61000362,annual_review
SAL0448,EMP0153,17-05-2023,55712869,6839056,62551925,correction
SAL0449,EMP0154,2018-02-03,6473308,1140214,7613522,initial
SAL0450,EMP0154,2019-01-09,6763531,1027872,7791403,annual_review
SAL0451,EMP0154,17/03/2020,7585116,1181102,8766218,promotion
SAL0452,EMP0155,12/09/2017,6170324,667782,6838106,initial
SAL0453,EMP0155,2018-11-18,6441119,938436,7379555,promotion
SAL0454,EMP0155,2019-10-23,7165394,878386,8043780,market_adjustment
SAL0455,EMP0155,14-11-2020,7630218,907068,8537286,market_adjustment
SAL0456,EMP0156,2017-09-29,4145980,785561,4931541,initial
SAL0457,EMP0156,26-11-2018,4737569,558700,5296269,promotion
SAL0458,EMP0157,2016-07-27,26310509,3924602,30235111,initial
SAL0459,EMP0157,17-03-2017,28351267,4702194,33053461,correction
SAL0460,EMP0158,2017-08-28,16426162,1838445,18264607,initial
SAL0461,EMP0158,2018-09-14,17708633,3502007,21210640,correction
SAL0462,EMP0158,2019-06-07,18377403,2460057,20837460,annual_review
SAL0463,EMP0159,07/09/2015,24981786,4606715,29588501,initial
SAL0464,EMP0159,27/09/2016,26099257,4502645,30601902,market_adjustment
SAL0465,EMP0160,2018-11-11,7168190,1265054,8433244,initial
SAL0466,EMP0160,2020-03-02,7893883,1070487,8964370,market_adjustment
SAL0467,EMP0160,2021-08-05,8702057,1729554,10431611,market_adjustment
SAL0468,EMP0161,2019-03-22,8145027,1041659,9186686,initial
SAL0469,EMP0161,2020-05-07,8494973,1265191,9760164,promotion
SAL0470,EMP0161,2021-03-01,9390381,966949,10357330,annual_review
SAL0471,EMP0161,2021-09-24,10607726,1780090,12387816,market_adjustment
SAL0472,EMP0162,14/01/2024,6751181,933440,7684621,initial
SAL0473,EMP0162,24/06/2025,7218597,1170832,8389429,promotion
SAL0474,EMP0163,03-07-2016,28232420,4969389,33201809,initial
SAL0475,EMP0163,2017-12-03,31625764,5669650,37295414,market_adjustment
SAL0476,EMP0164,2020-01-17,18387852,2378584,20766436,initial
SAL0477,EMP0164,26/03/2021,20021245,3088153,23109398,promotion
SAL0478,EMP0164,2022-06-25,21935163,4366658,26301821,annual_review
SAL0479,EMP0165,2022-07-22,5845757,1119426,6965183,initial
SAL0480,EMP0165,2023-08-02,6336881,914130,7251011,market_adjustment
SAL0481,EMP0165,2024-02-16,6551974,1087241,7639215,correction
SAL0482,EMP0165,2025-01-16,7444117,1110274,8554391,annual_review
SAL0483,EMP0166,2018-05-26,12256338,1608594,13864932,initial
SAL0484,EMP0166,2019-06-09,13340957,2093003,15433960,annual_review
SAL0485,EMP0166,13/08/2020,14797915,2326543,17124458,correction
SAL0486,EMP0167,2017-09-20,40968925,6400392,47369317,initial
SAL0487,EMP0167,2018-06-07,44688993,5645967,50334960,market_adjustment
SAL0488,EMP0167,02/10/2019,51236131,8589674,59825805,correction
SAL0489,EMP0168,2020-03-24,5607405,1109022,6716427,initial
SAL0490,EMP0168,2021-03-03,5816958,607941,6424899,correction
SAL0491,EMP0168,05-03-2022,6234994,640271,6875265,correction
SAL0492,EMP0169,2020-03-23,9738563,1582665,11321228,initial
SAL0493,EMP0169,01/04/2021,10144485,2020726,12165211,promotion
SAL0494,EMP0169,2022-04-26,10876433,1356958,12233391,annual_review
SAL0495,EMP0169,19-09-2023,11610069,2217974,13828043,annual_review
SAL0496,EMP0170,07-07-2015,27197823,5083109,32280932,initial
SAL0497,EMP0170,01/03/2016,29115577,4479189,33594766,annual_review
SAL0498,EMP0170,2016-09-16,31599401,4954942,36554343,market_adjustment
SAL0499,EMP0171,2021-06-30,39132208,4956559,44088767,initial
SAL0500,EMP0171,2022-12-18,42511821,8441847,50953668,annual_review
SAL0501,EMP0171,2023-12-26,46696787,7343250,54040037,promotion
SAL0502,EMP0171,2025-02-28,48658369,6500599,55158968,annual_review
SAL0503,EMP0172,22-05-2021,41870112,7584591,49454703,initial
SAL0504,EMP0172,2022-10-25,44832201,5826038,50658239,correction
SAL0505,EMP0172,2023-12-02,47262601,8698116,55960717,annual_review
SAL0506,EMP0173,11/02/2023,42979606,5218068,48197674,initial
SAL0507,EMP0173,2023-12-23,44514139,6241004,50755143,correction
SAL0508,EMP0173,13/10/2024,49185838,8448685,57634523,annual_review
SAL0509,EMP0173,2025-06-27,54154776,5779775,59934551,promotion
SAL0510,EMP0174,2020-06-23,42819539,6317031,49136570,initial
SAL0511,EMP0174,2021-04-06,45888756,7578696,53467452,annual_review
SAL0512,EMP0174,2022-03-06,50044292,7170899,57215191,promotion
SAL0513,EMP0174,05/06/2023,53427404,7492129,60919533,market_adjustment
SAL0514,EMP0175,2024-03-04,8621288,1306443,9927731,initial
SAL0515,EMP0175,06/06/2025,9446409,1537727,10984136,annual_review
SAL0516,EMP0175,2025-06-03,9941256,1205827,11147083,market_adjustment
SAL0517,EMP0176,06/12/2022,28822882,5021545,33844427,initial
SAL0518,EMP0176,2024-01-29,30614290,5537921,36152211,correction
SAL0519,EMP0177,05/12/2021,9576796,1694249,11271045,initial
SAL0520,EMP0177,2023-01-11,10938198,1665088,12603286,annual_review
SAL0521,EMP0177,12/01/2024,11873396,1366001,13239397,annual_review
SAL0522,EMP0177,25/06/2025,13320330,1878513,15198843,market_adjustment
SAL0523,EMP0178,2015-02-18,9607881,1758448,11366329,initial
SAL0524,EMP0178,2015-09-18,10627001,1346371,11973372,market_adjustment
SAL0525,EMP0178,2016-08-09,11769670,1985372,13755042,promotion
SAL0526,EMP0179,13/02/2024,18961601,2665746,21627347,initial
SAL0527,EMP0179,2024-10-08,19871671,2475188,22346859,annual_review
SAL0528,EMP0179,2025-06-16,21625264,3075153,24700417,market_adjustment
SAL0529,EMP0180,2017-02-25,10620819,1276612,11897431,initial
SAL0530,EMP0180,2018-01-10,11113324,1988918,13102242,promotion
SAL0531,EMP0180,2018-11-28,12325126,2026612,14351738,annual_review
SAL0532,EMP0181,22/07/2019,6177135,1213057,7390192,initial
SAL0533,EMP0181,22-09-2020,6942284,1290976,8233260,annual_review
SAL0534,EMP0182,01-05-2022,16408104,2155868,18563972,initial
SAL0535,EMP0182,2023-03-29,18607784,3529474,22137258,market_adjustment
SAL0536,EMP0182,2024-09-02,20634016,2882355,23516371,annual_review
SAL0537,EMP0183,18-08-2015,9522420,1641888,11164308,initial
SAL0538,EMP0183,2016-04-25,10077814,1747977,11825791,correction
SAL0539,EMP0183,22-12-2016,11011371,2146858,13158229,correction
SAL0540,EMP0184,2021-05-06,23812402,2980855,26793257,initial
SAL0541,EMP0184,18/12/2021,25207075,4469695,29676770,annual_review
SAL0542,EMP0184,23-11-2022,26959327,4683472,31642799,correction
SAL0543,EMP0185,01/05/2020,28519778,4986324,33506102,initial
SAL0544,EMP0185,25/02/2021,32577001,3727714,36304715,annual_review
SAL0545,EMP0185,21/11/2021,34391313,4950544,39341857,promotion
SAL0546,EMP0186,2017-01-04,4533318,844511,5377829,initial
SAL0547,EMP0186,2017-07-31,4936071,838943,5775014,promotion
SAL0548,EMP0186,2018-03-25,5271619,777486,6049105,market_adjustment
SAL0549,EMP0186,25-01-2019,6039155,823135,6862290,annual_review
SAL0550,EMP0187,2015-11-12,27006970,3693849,30700819,initial
SAL0551,EMP0187,2016-10-14,27885477,2885615,30771092,correction
SAL0552,EMP0187,2018-03-17,31395504,5307982,36703486,annual_review
SAL0553,EMP0188,20/09/2018,28233913,4719576,32953489,initial
SAL0554,EMP0188,2019-07-26,30953610,5073138,36026748,promotion
SAL0555,EMP0188,2021-01-14,33230019,5100511,38330530,annual_review
SAL0556,EMP0189,2016-02-05,6991457,1298766,8290223,initial
SAL0557,EMP0189,17/02/2017,7207800,1389308,8597108,market_adjustment
SAL0558,EMP0189,2017-12-24,7684282,996976,8681258,annual_review
SAL0559,EMP0189,2018-09-12,8759366,1646294,10405660,promotion
SAL0560,EMP0190,2021-09-05,9215944,1515497,10731441,initial
SAL0561,EMP0190,21/03/2022,9795482,1785910,11581392,annual_review
SAL0562,EMP0190,2023-05-26,10643094,2050389,12693483,market_adjustment
SAL0563,EMP0190,10/05/2024,11878611,2167134,14045745,annual_review
SAL0564,EMP0191,28-12-2018,8929646,1126001,10055647,initial
SAL0565,EMP0191,2019-07-29,9574569,1655664,11230233,correction
SAL0566,EMP0191,2020-10-31,10709483,1815482,12524965,market_adjustment
SAL0567,EMP0192,2015-12-18,26748146,4390367,31138513,initial
SAL0568,EMP0192,2016-09-17,29573252,2966421,32539673,annual_review
SAL0569,EMP0193,2022-12-25,6839176,1113620,7952796,initial
SAL0570,EMP0193,30/11/2023,7516918,870325,8387243,annual_review
SAL0571,EMP0193,2025-02-16,8386081,1548875,9934956,annual_review
SAL0572,EMP0194,2018-06-16,8876258,1251833,10128091,initial
SAL0573,EMP0194,2019-05-25,9623450,1213208,10836658,annual_review
SAL0574,EMP0194,2020-11-06,10596981,1906957,12503938,promotion
SAL0575,EMP0194,14/08/2021,11022215,1302703,12324918,promotion
SAL0576,EMP0195,01/11/2019,16330379,3175862,19506241,initial
SAL0577,EMP0195,2021-02-15,17260205,3319331,20579536,annual_review
SAL0578,EMP0195,2022-07-11,19045607,3631701,22677308,annual_review
SAL0579,EMP0196,03-01-2016,7939550,951369,8890919,initial
SAL0580,EMP0196,2017-06-25,8989314,1259434,10248748,annual_review
SAL0581,EMP0196,29-07-2018,9906647,1078894,10985541,annual_review
SAL0582,EMP0197,2019-08-22,7543168,882643,8425811,initial
SAL0583,EMP0197,04/12/2020,7875686,1130285,9005971,correction
SAL0584,EMP0197,20-01-2022,8893782,994780,9888562,market_adjustment
SAL0585,EMP0198,2022-09-08,8992903,1081976,10074879,initial
SAL0586,EMP0198,2023-07-21,9573443,1323120,10896563,market_adjustment
SAL0587,EMP0198,2024-08-24,10844418,1318211,12162629,correction
SAL0588,EMP0199,2016-08-20,5728239,734914,6463153,initial
SAL0589,EMP0199,2018-01-28,6030252,849375,6879627,annual_review
SAL0590,EMP0200,11/10/2023,4306064,442996,4749060,initial
SAL0591,EMP0200,2024-08-20,4556927,869155,5426082,market_adjustment
SAL0592,EMP0200,12/06/2025,5067813,550232,5618045,market_adjustment
SAL0593,EMP0200,2025-06-26,5749804,969907,6719711,market_adjustment
SAL0594,EMP0201,29-08-2021,5495973,760365,6256338,initial
SAL0595,EMP0201,2022-09-29,6146325,659534,6805859,promotion
SAL0596,EMP0201,2024-01-07,6374048,1230869,7604917,promotion
SAL0597,EMP0202,2018-09-22,22900934,4370016,27270950,initial
SAL0598,EMP0202,2020-01-25,26169323,4473818,30643141,correction
SAL0599,EMP0202,2020-08-15,26971237,4368417,31339654,correction
SAL0600,EMP0202,2021-07-15,30944177,3503618,34447795,promotion
SAL0601,EMP0203,2016-07-11,43775731,4557600,48333331,initial
SAL0602,EMP0203,08/04/2017,46456337,6935187,53391524,correction
SAL0603,EMP0203,27/03/2018,52744091,5747249,58491340,annual_review
SAL0604,EMP0203,2019-06-21,57066551,6373432,63439983,promotion
SAL0605,EMP0204,2018-07-31,6185229,1223757,7408986,initial
SAL0606,EMP0204,2019-10-09,7017770,1226582,8244352,promotion
SAL0607,EMP0204,12/11/2020,7466563,1204305,8670868,promotion
SAL0608,EMP0205,2019-02-04,5597115,1078405,6675520,initial
SAL0609,EMP0205,23-04-2020,5975263,786071,6761334,annual_review
SAL0610,EMP0205,2021-06-28,6702100,1042628,7744728,annual_review
SAL0611,EMP0206,21/04/2015,47059337,7701976,54761313,initial
SAL0612,EMP0206,30/05/2016,48771669,5143300,53914969,annual_review
SAL0613,EMP0206,2017-02-27,50444706,5869518,56314224,promotion
SAL0614,EMP0206,2018-04-22,54599916,5682713,60282629,market_adjustment
SAL0615,EMP0207,2022-07-19,20981414,4172822,25154236,initial
SAL0616,EMP0207,2023-10-29,22832477,2540092,25372569,market_adjustment
SAL0617,EMP0207,10/07/2024,23856251,2871657,26727908,annual_review
SAL0618,EMP0208,2023-01-08,4595835,542609,5138444,initial
SAL0619,EMP0208,01-10-2023,5147300,804650,5951950,promotion
SAL0620,EMP0208,2025-03-03,5663477,1131565,6795042,correction
SAL0621,EMP0209,2019-06-30,25138436,3836164,28974600,initial
SAL0622,EMP0209,2020-10-14,26437295,3294503,29731798,annual_review
SAL0623,EMP0209,23/12/2021,29377889,3014060,32391949,promotion
SAL0624,EMP0210,13/11/2022,26430524,5236770,31667294,initial
SAL0625,EMP0210,2023-07-13,28473613,5492982,33966595,correction
SAL0626,EMP0211,2016-11-12,11779557,2163877,13943434,initial
SAL0627,EMP0211,2017-07-28,12173759,2228649,14402408,market_adjustment
SAL0628,EMP0211,2018-12-27,13239968,2110721,15350689,promotion
SAL0629,EMP0212,08-02-2016,6024349,800893,6825242,initial
SAL0630,EMP0212,28-08-2016,6679441,884969,7564410,market_adjustment
SAL0631,EMP0213,2017-06-24,9068323,1813502,10881825,initial
SAL0632,EMP0213,2018-10-08,9481098,1708074,11189172,annual_review
SAL0633,EMP0214,2022-09-29,34494361,4564193,39058554,initial
SAL0634,EMP0214,2023-04-25,38608020,7535900,46143920,correction
SAL0635,EMP0214,2024-05-04,40195045,4735019,44930064,promotion
SAL0636,EMP0215,31/08/2019,9233294,1722485,10955779,initial
SAL0637,EMP0215,2020-04-12,9533020,1108633,10641653,annual_review
SAL0638,EMP0215,2021-05-03,10144966,1136846,11281812,annual_review
SAL0639,EMP0215,08/07/2022,11424571,2174934,13599505,promotion
SAL0640,EMP0216,2023-10-18,45250556,5119135,50369691,initial
SAL0641,EMP0216,2025-03-21,47129964,7129129,54259093,promotion
SAL0642,EMP0217,05/02/2023,23214511,3355523,26570034,initial
SAL0643,EMP0217,18/02/2024,25238184,4038969,29277153,correction
SAL0644,EMP0217,01/10/2024,28286423,4565054,32851477,promotion
SAL0645,EMP0217,2025-06-10,30581075,4627960,35209035,annual_review
SAL0646,EMP0218,2015-04-03,7944164,1331791,9275955,initial
SAL0647,EMP0218,2016-08-26,8836677,1706068,10542745,annual_review
SAL0648,EMP0218,2017-11-18,9769363,1058969,10828332,correction
SAL0649,EMP0219,17-10-2016,40710828,5851593,46562421,initial
SAL0650,EMP0219,15/12/2017,43399663,7309865,50709528,annual_review
SAL0651,EMP0219,13-11-2018,49084348,7007928,56092276,correction
SAL0652,EMP0220,23-01-2022,44076892,4618060,48694952,initial
SAL0653,EMP0220,30/08/2022,50251017,5565964,55816981,correction
SAL0654,EMP0221,26/11/2024,22128865,3126851,25255716,initial
SAL0655,EMP0221,2025-06-09,24705488,3348724,28054212,promotion
SAL0656,EMP0221,28/06/2025,27725427,3088433,30813860,annual_review
SAL0657,EMP0222,2017-04-22,8774860,1283655,10058515,initial
SAL0658,EMP0222,2018-01-20,9925675,1075239,11000914,annual_review
SAL0659,EMP0222,14/07/2019,10577967,1823741,12401708,correction
SAL0660,EMP0223,18/03/2017,27706296,4627671,32333967,initial
SAL0661,EMP0223,30-07-2018,31223335,6140754,37364089,promotion
SAL0662,EMP0223,01/05/2019,32950866,5756612,38707478,annual_review
SAL0663,EMP0224,2021-09-11,25134325,3165209,28299534,initial
SAL0664,EMP0224,17/02/2023,26209060,2667860,28876920,correction
SAL0665,EMP0224,05/03/2024,27362295,4530651,31892946,annual_review
SAL0666,EMP0225,2021-12-03,40440508,6841750,47282258,initial
SAL0667,EMP0225,2023-05-03,46340634,7997982,54338616,correction
SAL0668,EMP0226,2018-06-04,15080140,2440719,17520859,initial
SAL0669,EMP0226,2019-10-12,16185325,2920869,19106194,market_adjustment
SAL0670,EMP0226,23/05/2020,16913838,2014103,18927941,annual_review
SAL0671,EMP0227,08/09/2021,9422418,957209,10379627,initial
SAL0672,EMP0227,2022-06-11,10676366,1581294,12257660,annual_review
SAL0673,EMP0227,2023-02-20,11829080,2179022,14008102,market_adjustment
SAL0674,EMP0227,20/05/2024,12454953,2204179,14659132,promotion
SAL0675,EMP0228,11/10/2022,29971614,4417783,34389397,initial
SAL0676,EMP0228,2023-04-20,31289617,5440579,36730196,annual_review
SAL0677,EMP0228,2024-05-31,35847388,3655099,39502487,market_adjustment
SAL0678,EMP0228,12/06/2025,37966526,5958582,43925108,promotion
SAL0679,EMP0229,2018-07-12,16572195,1741608,18313803,initial
SAL0680,EMP0229,2019-01-12,17273524,3419271,20692795,market_adjustment
SAL0681,EMP0229,2020-03-20,19319562,3344367,22663929,correction
SAL0682,EMP0229,2021-02-11,19984967,2969967,22954934,market_adjustment
SAL0683,EMP0230,2017-03-10,8478998,1462300,9941298,initial
SAL0684,EMP0230,2018-08-19,9654261,1189313,10843574,market_adjustment
SAL0685,EMP0230,2019-03-18,10555940,1664041,12219981,market_adjustment
SAL0686,EMP0230,2020-06-23,10953067,2069188,13022255,market_adjustment
SAL0687,EMP0231,30-08-2019,4245242,634574,4879816,initial
SAL0688,EMP0231,21-01-2021,4549250,464390,5013640,market_adjustment
SAL0689,EMP0231,2021-12-14,5082172,682966,5765138,market_adjustment
SAL0690,EMP0231,2022-10-08,5544224,1058431,6602655,correction
SAL0691,EMP0232,11/04/2018,15690043,3015211,18705254,initial
SAL0692,EMP0232,2019-09-09,17042776,2936461,19979237,promotion
SAL0693,EMP0232,2020-09-22,19516984,3505196,23022180,promotion
SAL0694,EMP0233,2021-05-05,9354415,1843700,11198115,initial
SAL0695,EMP0233,2022-01-22,10333084,1747011,12080095,promotion
SAL0696,EMP0234,2023-09-10,6361515,1060500,7422015,initial
SAL0697,EMP0234,2024-05-13,6684647,1073386,7758033,annual_review
SAL0698,EMP0235,15/02/2021,16692883,2993839,19686722,initial
SAL0699,EMP0235,2022-04-23,17801928,2771458,20573386,annual_review
SAL0700,EMP0235,2022-10-29,19102437,2592284,21694721,promotion
SAL0701,EMP0236,2020-01-17,6665239,782975,7448214,initial
SAL0702,EMP0236,2021-03-29,6890766,921801,7812567,annual_review
SAL0703,EMP0236,22/11/2021,7608146,1188378,8796524,annual_review
SAL0704,EMP0237,2017-05-09,8039963,1011284,9051247,initial
SAL0705,EMP0237,2018-04-28,9038416,1599885,10638301,annual_review
SAL0706,EMP0237,2019-08-06,9599692,1779214,11378906,annual_review
SAL0707,EMP0238,2024-02-15,18646766,2991481,21638247,initial
SAL0708,EMP0238,2024-10-05,20786829,3739523,24526352,market_adjustment
SAL0709,EMP0238,29/05/2025,23841644,3837684,27679328,correction
SAL0710,EMP0239,2016-11-20,9600337,1869553,11469890,initial
SAL0711,EMP0239,02/03/2018,9936697,1159658,11096355,annual_review
SAL0712,EMP0239,2018-10-28,11273225,1304348,12577573,promotion
SAL0713,EMP0240,09-07-2016,7225252,1234191,8459443,initial
SAL0714,EMP0240,21/09/2017,7874129,908907,8783036,annual_review
SAL0715,EMP0240,2018-09-22,8426522,946284,9372806,annual_review
SAL0716,EMP0241,2017-10-19,6846789,985327,7832116,initial
SAL0717,EMP0241,15/11/2018,7684194,956925,8641119,annual_review
SAL0718,EMP0241,2020-01-11,8229452,963884,9193336,correction
SAL0719,EMP0242,03-02-2022,33926003,4656127,38582130,initial
SAL0720,EMP0242,2023-03-02,36412005,4193247,40605252,annual_review
SAL0721,EMP0242,26-05-2024,39347055,4477672,43824727,annual_review
SAL0722,EMP0243,09-07-2019,22194453,3136984,25331437,initial
SAL0723,EMP0243,01/08/2020,25252134,4531766,29783900,correction
SAL0724,EMP0244,2015-01-11,7517391,1461185,8978576,initial
SAL0725,EMP0244,2016-02-21,7874242,1352500,9226742,annual_review
SAL0726,EMP0244,2017-05-10,9002125,1204757,10206882,annual_review
SAL0727,EMP0245,2019-10-26,7684645,1523054,9207699,initial
SAL0728,EMP0245,2020-07-16,8315467,1462850,9778317,market_adjustment
SAL0729,EMP0246,2021-06-25,8768979,1685852,10454831,initial
SAL0730,EMP0246,2022-03-09,9981740,1974121,11955861,annual_review
SAL0731,EMP0247,2015-07-08,8992088,1617740,10609828,initial
SAL0732,EMP0247,2016-09-26,10311401,1445661,11757062,market_adjustment
SAL0733,EMP0247,08/03/2018,11487878,1977696,13465574,promotion
SAL0734,EMP0247,11-02-2019,13085930,2390804,15476734,annual_review
SAL0735,EMP0248,2015-01-03,23854875,3841591,27696466,initial
SAL0736,EMP0248,2015-09-15,26575175,4368638,30943813,market_adjustment
SAL0737,EMP0248,2016-12-16,29363526,4850963,34214489,correction
SAL0738,EMP0249,2016-01-18,15792344,2981081,18773425,initial
SAL0739,EMP0249,2017-06-13,17032685,3203804,20236489,annual_review
SAL0740,EMP0249,2018-01-22,17619229,2449061,20068290,promotion
SAL0741,EMP0249,23-09-2018,19248238,2471334,21719572,correction
SAL0742,EMP0250,2015-08-01,11557253,1747077,13304330,initial
SAL0743,EMP0250,2016-07-05,12626995,1292274,13919269,annual_review
SAL0744,EMP0250,2017-10-04,13903589,2547455,16451044,annual_review
SAL0745,EMP0251,2015-01-05,7274825,1256005,8530830,initial
SAL0746,EMP0251,18-03-2016,7589483,1397666,8987149,annual_review
SAL0747,EMP0252,2022-08-17,7089497,1153453,8242950,initial
SAL0748,EMP0252,13/08/2023,7407514,1073153,8480667,annual_review
SAL0749,EMP0253,2022-10-13,24603870,4273344,28877214,initial
SAL0750,EMP0253,29/11/2023,26342813,4755898,31098711,annual_review
SAL0751,EMP0253,2025-03-20,28921028,5334471,34255499,correction
SAL0752,EMP0254,27/02/2016,6980787,942641,7923428,initial
SAL0753,EMP0254,2017-01-17,7748887,1295950,9044837,correction
SAL0754,EMP0254,2018-01-25,8464574,935527,9400101,annual_review
SAL0755,EMP0255,2022-03-12,8166155,1292187,9458342,initial
SAL0756,EMP0255,11/03/2023,8856335,1515886,10372221,annual_review
SAL0757,EMP0255,2024-04-04,9209115,1312194,10521309,annual_review
SAL0758,EMP0256,2019-12-08,4272762,630767,4903529,initial
SAL0759,EMP0256,19-01-2021,4440975,622959,5063934,correction
SAL0760,EMP0256,2022-04-30,4850758,908069,5758827,market_adjustment
SAL0761,EMP0256,2023-08-22,5286643,1055484,6342127,market_adjustment
SAL0762,EMP0257,23/08/2024,5444975,1051444,6496419,initial
SAL0763,EMP0257,07/06/2025,6244257,714559,6958816,annual_review
SAL0764,EMP0258,2023-03-10,17132786,2543815,19676601,initial
SAL0765,EMP0258,27-04-2024,17912777,3337636,21250413,correction
SAL0766,EMP0258,23/12/2024,19942948,2938305,22881253,market_adjustment
SAL0767,EMP0259,25-03-2022,12631333,2455619,15086952,initial
SAL0768,EMP0259,29-03-2023,14407344,2307480,16714824,annual_review
SAL0769,EMP0259,21/04/2024,15030322,2362413,17392735,promotion
SAL0770,EMP0260,2024-07-04,4084477,621974,4706451,initial
SAL0771,EMP0260,2025-03-01,4389081,572011,4961092,promotion
SAL0772,EMP0261,2018-04-25,23152477,2380023,25532500,initial
SAL0773,EMP0261,2019-01-03,24241957,3446617,27688574,correction
SAL0774,EMP0261,05-12-2019,27555514,3260029,30815543,annual_review
SAL0775,EMP0261,07-02-2021,28389076,3828689,32217765,correction
SAL0776,EMP0262,2022-02-26,26499295,3756474,30255769,initial
SAL0777,EMP0262,2023-06-14,28279099,5373841,33652940,market_adjustment
SAL0778,EMP0262,21/06/2024,30740152,3482273,34222425,correction
SAL0779,EMP0263,2024-08-26,6581004,990285,7571289,initial
SAL0780,EMP0263,2025-06-06,7133752,819655,7953407,market_adjustment
SAL0781,EMP0264,22-08-2023,9052883,1199702,10252585,initial
SAL0782,EMP0264,02-01-2025,10046348,1393664,11440012,market_adjustment
SAL0783,EMP0265,2015-09-05,21633663,2896742,24530405,initial
SAL0784,EMP0265,26-03-2016,24769885,4299836,29069721,market_adjustment
SAL0785,EMP0265,18/08/2017,25776126,4400522,30176648,annual_review
SAL0786,EMP0266,2022-11-14,8399120,1369148,9768268,initial
SAL0787,EMP0266,2023-10-18,9216567,1515124,10731691,annual_review
SAL0788,EMP0266,2024-05-28,9705885,1496486,11202371,correction
SAL0789,EMP0267,09/12/2015,9177668,966293,10143961,initial
SAL0790,EMP0267,24/03/2017,10027616,1506788,11534404,market_adjustment
SAL0791,EMP0267,2017-09-29,10473182,1235566,11708748,correction
SAL0792,EMP0268,2019-05-20,15318323,1953028,17271351,initial
SAL0793,EMP0268,2020-02-29,16228758,2343805,18572563,correction
SAL0794,EMP0268,2021-05-27,17897440,2843711,20741151,market_adjustment
SAL0795,EMP0269,2019-11-15,23245549,4328261,27573810,initial
SAL0796,EMP0269,2020-05-24,24891212,3521948,28413160,annual_review
SAL0797,EMP0270,2016-05-04,9605626,1467645,11073271,initial
SAL0798,EMP0270,2017-05-14,10190237,2017448,12207685,annual_review
SAL0799,EMP0270,14/08/2018,10701570,1265641,11967211,annual_review
SAL0800,EMP0271,19-10-2020,9222503,1004910,10227413,initial
SAL0801,EMP0271,21-09-2021,10552939,1117465,11670404,annual_review
SAL0802,EMP0271,02-09-2022,11099316,1440718,12540034,annual_review
SAL0803,EMP0271,20-04-2023,11858564,2244839,14103403,market_adjustment
SAL0804,EMP0272,2023-03-22,19327419,2658511,21985930,initial
SAL0805,EMP0272,18/11/2023,20027561,3509096,23536657,annual_review
SAL0806,EMP0273,13-12-2017,8457984,1045822,9503806,initial
SAL0807,EMP0273,2019-02-26,9475367,1847087,11322454,market_adjustment
SAL0808,EMP0273,2020-01-09,9828569,1526495,11355064,market_adjustment
SAL0809,EMP0274,2020-08-08,6274551,931250,7205801,initial
SAL0810,EMP0274,2021-08-31,6939809,880772,7820581,annual_review
SAL0811,EMP0275,08-06-2021,8458586,1416895,9875481,initial
SAL0812,EMP0275,2022-04-10,9486789,1237658,10724447,annual_review
SAL0813,EMP0275,2023-05-03,10279105,1237045,11516150,correction
SAL0814,EMP0276,2017-09-28,6597130,905987,7503117,initial
SAL0815,EMP0276,2018-06-21,7414137,1447693,8861830,correction
SAL0816,EMP0276,28/09/2019,8038474,1457088,9495562,annual_review
SAL0817,EMP0276,2021-02-06,8558643,856328,9414971,annual_review
SAL0818,EMP0277,2021-03-14,9915411,1905554,11820965,initial
SAL0819,EMP0277,2022-01-27,10924245,2184020,13108265,market_adjustment
SAL0820,EMP0278,16/01/2018,29133775,4755234,33889009,initial
SAL0821,EMP0278,2019-05-10,32946864,3444544,36391408,promotion
SAL0822,EMP0278,2020-08-05,36161482,3940571,40102053,promotion
SAL0823,EMP0279,2017-01-04,26717699,3000336,29718035,initial
SAL0824,EMP0279,2017-09-12,29843906,5605519,35449425,promotion
SAL0825,EMP0279,26/06/2018,32925391,6202918,39128309,promotion
SAL0826,EMP0279,16-06-2019,36422738,4636662,41059400,market_adjustment
SAL0827,EMP0280,2024-09-17,8777791,1740655,10518446,initial
SAL0828,EMP0280,2025-06-24,9525447,1265414,10790861,correction
SAL0829,EMP0280,2025-06-26,10550129,1697290,12247419,annual_review
SAL0830,EMP0280,2025-06-02,10878759,1537346,12416105,annual_review
SAL0831,EMP0281,2019-02-20,9755026,1654930,11409956,initial
SAL0832,EMP0281,2020-04-25,10940220,1182800,12123020,correction
SAL0833,EMP0281,19-09-2021,12123426,1249861,13373287,correction
SAL0834,EMP0282,2020-07-13,9490012,1723439,11213451,initial
SAL0835,EMP0282,2021-08-24,10540266,2078581,12618847,promotion
SAL0836,EMP0282,2022-08-31,11903080,1650660,13553740,promotion
SAL0837,EMP0283,2015-04-08,9519632,1683038,11202670,initial
SAL0838,EMP0283,2016-09-25,10929065,1598586,12527651,annual_review
SAL0839,EMP0283,2017-06-30,11839995,2063882,13903877,annual_review
SAL0840,EMP0283,19/05/2018,13162126,1568282,14730408,promotion
SAL0841,EMP0284,09-07-2024,28694919,4629760,33324679,initial
SAL0842,EMP0284,2025-06-09,32339453,3991522,36330975,annual_review
SAL0843,EMP0284,31-05-2025,34718339,5182885,39901224,promotion
SAL0844,EMP0285,03/09/2015,8952990,1528246,10481236,initial
SAL0845,EMP0285,2016-06-16,9229245,1025319,10254564,market_adjustment
SAL0846,EMP0285,04-05-2017,10136408,1186443,11322851,market_adjustment
SAL0847,EMP0286,19/08/2019,18250925,3029358,21280283,initial
SAL0848,EMP0286,30-11-2020,20270591,3172631,23443222,correction
SAL0849,EMP0287,2015-11-03,6274142,996437,7270579,initial
SAL0850,EMP0287,03-06-2016,6558308,1216880,7775188,correction
SAL0851,EMP0287,24/08/2017,7328698,873472,8202170,promotion
SAL0852,EMP0288,2024-07-17,26374595,2698430,29073025,initial
SAL0853,EMP0288,2025-06-09,28852566,4849194,33701760,promotion
SAL0854,EMP0288,2025-06-30,32965408,6111324,39076732,annual_review
SAL0855,EMP0289,2015-11-02,7354757,1053604,8408361,initial
SAL0856,EMP0289,2016-11-24,7817255,1146468,8963723,correction
SAL0857,EMP0289,2017-11-24,8536996,1608201,10145197,annual_review
SAL0858,EMP0289,2018-09-14,8841218,1354837,10196055,market_adjustment
SAL0859,EMP0290,2020-03-23,7326414,736421,8062835,initial
SAL0860,EMP0290,27/12/2020,7840469,1417300,9257769,correction
SAL0861,EMP0290,18-10-2021,8995930,1761201,10757131,market_adjustment
SAL0862,EMP0290,21-08-2022,9478338,1242426,10720764,promotion
SAL0863,EMP0291,26/01/2020,8625612,1401916,10027528,initial
SAL0864,EMP0291,07/08/2020,9381180,1493981,10875161,annual_review
SAL0865,EMP0291,2021-12-20,10715252,1336356,12051608,promotion
SAL0866,EMP0291,2023-02-15,11343199,2078661,13421860,promotion
SAL0867,EMP0292,2024-04-07,9446181,1259731,10705912,initial
SAL0868,EMP0292,02/02/2025,10799116,1748988,12548104,correction
SAL0869,EMP0293,28/12/2018,9204861,1008549,10213410,initial
SAL0870,EMP0293,2020-02-09,10120488,1998316,12118804,annual_review
SAL0871,EMP0293,2020-08-24,10882433,1939952,12822385,annual_review
SAL0872,EMP0294,2015-05-08,6260056,1201377,7461433,initial
SAL0873,EMP0294,17-06-2016,6489015,1055234,7544249,correction
SAL0874,EMP0294,2017-01-16,6762976,1054522,7817498,annual_review
SAL0875,EMP0295,2024-01-06,7236970,1338788,8575758,initial
SAL0876,EMP0295,2025-01-25,7537301,929433,8466734,market_adjustment
SAL0877,EMP0295,2025-06-05,8360124,1215069,9575193,annual_review
SAL0878,EMP0296,22-03-2017,4973517,892828,5866345,initial
SAL0879,EMP0296,01-08-2018,5492292,906734,6399026,promotion
SAL0880,EMP0296,08/01/2020,6173069,936585,7109654,market_adjustment
SAL0881,EMP0297,20-03-2017,8465467,1009491,9474958,initial
SAL0882,EMP0297,2017-11-07,8731914,1390894,10122808,annual_review
SAL0883,EMP0297,2018-08-13,9941497,1627784,11569281,annual_review
SAL0884,EMP0298,2015-07-27,19299767,2615873,21915640,initial
SAL0885,EMP0298,2016-09-25,21556966,2556491,24113457,market_adjustment
SAL0886,EMP0298,2017-06-02,24265449,2736367,27001816,annual_review
SAL0887,EMP0299,2022-08-30,24806656,3561859,28368515,initial
SAL0888,EMP0299,25/01/2024,27796474,4402032,32198506,promotion
SAL0889,EMP0299,26/04/2025,31217093,4587425,35804518,annual_review
SAL0890,EMP0300,2020-01-01,25122189,3373659,28495848,initial
SAL0891,EMP0300,03/01/2021,28800894,4569088,33369982,correction
SAL0892,EMP0301,16/05/2020,47759983,5466609,53226592,initial
SAL0893,EMP0301,13-03-2021,52099118,9683674,61782792,correction
SAL0894,EMP0301,13/04/2022,55811593,9156197,64967790,annual_review
SAL0895,EMP0302,2022-03-17,6844150,1221861,8066011,initial
SAL0896,EMP0302,06-03-2023,7204991,1221088,8426079,market_adjustment
SAL0897,EMP0302,2024-04-28,7939694,1470438,9410132,promotion
SAL0898,EMP0302,31/05/2025,8497689,1205563,9703252,promotion
SAL0899,EMP0303,18/05/2020,17722606,1958078,19680684,initial
SAL0900,EMP0303,2020-12-05,19308986,3164293,22473279,annual_review
SAL0901,EMP0304,06/01/2017,26630311,3276257,29906568,initial
SAL0902,EMP0304,2018-05-20,28110333,4875979,32986312,market_adjustment
SAL0903,EMP0304,2019-05-04,31676762,3818051,35494813,market_adjustment
SAL0904,EMP0304,02/02/2020,35767186,4874413,40641599,annual_review
SAL0905,EMP0305,2024-01-26,4154625,564150,4718775,initial
SAL0906,EMP0305,2025-05-04,4336691,624660,4961351,promotion
SAL0907,EMP0305,2025-06-12,4941768,515873,5457641,promotion
SAL0908,EMP0306,2022-05-14,10498041,1258844,11756885,initial
SAL0909,EMP0306,2023-04-04,11032366,1896283,12928649,promotion
SAL0910,EMP0307,29-06-2024,7425297,1371849,8797146,initial
SAL0911,EMP0307,2025-04-30,7807142,918180,8725322,annual_review
SAL0912,EMP0308,2024-01-16,19392083,3705146,23097229,initial
SAL0913,EMP0308,2024-07-24,21908661,3021035,24929696,annual_review
SAL0914,EMP0308,17/03/2025,23455543,3061118,26516661,annual_review
SAL0915,EMP0309,2021-04-25,7007261,959742,7967003,initial
SAL0916,EMP0309,30/04/2022,7773218,1536844,9310062,correction
SAL0917,EMP0309,11/09/2023,8828818,987497,9816315,annual_review
SAL0918,EMP0309,2024-05-14,9935843,1522722,11458565,annual_review
SAL0919,EMP0310,2016-01-05,8912331,1224781,10137112,initial
SAL0920,EMP0310,2017-05-05,9639085,1851681,11490766,annual_review
SAL0921,EMP0311,20-09-2018,9200599,1486842,10687441,initial
SAL0922,EMP0311,2019-06-23,10419975,1864746,12284721,promotion
SAL0923,EMP0311,04-06-2020,11041636,2067934,13109570,promotion
SAL0924,EMP0312,28/08/2016,9571460,1443634,11015094,initial
SAL0925,EMP0312,2017-12-20,10876051,1878618,12754669,annual_review
SAL0926,EMP0312,2019-02-13,12234683,1302838,13537521,correction
SAL0927,EMP0313,2021-07-28,42066247,5839282,47905529,initial
SAL0928,EMP0313,20/12/2022,47119932,7061335,54181267,promotion
SAL0929,EMP0313,2024-02-10,49545657,7558069,57103726,promotion
SAL0930,EMP0314,18-11-2023,8027094,1377168,9404262,initial
SAL0931,EMP0314,24/01/2025,8724254,1222220,9946474,correction
SAL0932,EMP0314,10-06-2025,9024303,1710001,10734304,annual_review
SAL0933,EMP0314,2025-06-03,9548850,1247078,10795928,annual_review
SAL0934,EMP0315,19-02-2024,37652804,5916650,43569454,initial
SAL0935,EMP0315,2025-02-24,39932436,4529657,44462093,annual_review
SAL0936,EMP0315,2025-06-21,43260430,5321801,48582231,promotion
SAL0937,EMP0316,15/11/2022,6172565,904437,7077002,initial
SAL0938,EMP0316,2024-03-27,6606896,969595,7576491,market_adjustment
SAL0939,EMP0316,20/04/2025,7096476,934620,8031096,market_adjustment
SAL0940,EMP0317,23-06-2017,7603779,779173,8382952,initial
SAL0941,EMP0317,03-08-2018,8045215,1093419,9138634,annual_review
SAL0942,EMP0317,2019-03-13,8570906,1296598,9867504,correction
SAL0943,EMP0318,2017-09-01,5349841,576797,5926638,initial
SAL0944,EMP0318,19/07/2018,6105199,682920,6788119,annual_review
SAL0945,EMP0318,18/07/2019,6316400,842454,7158854,annual_review
SAL0946,EMP0318,24/12/2020,6755446,1178968,7934414,promotion
SAL0947,EMP0319,2020-01-04,27893002,4695896,32588898,initial
SAL0948,EMP0319,2020-11-19,29367902,5867694,35235596,correction
SAL0949,EMP0319,2022-02-20,33464310,5923437,39387747,annual_review
SAL0950,EMP0320,17/11/2017,7182144,1308808,8490952,initial
SAL0951,EMP0320,08-12-2018,8212765,1443644,9656409,correction
SAL0952,EMP0320,2019-06-12,8924322,1775292,10699614,correction
SAL0953,EMP0320,2020-02-23,10118895,1241513,11360408,annual_review
SAL0954,EMP0321,12/11/2016,27568434,3335435,30903869,initial
SAL0955,EMP0321,2017-09-07,30101946,5290782,35392728,correction
SAL0956,EMP0321,2018-10-28,32235546,4232768,36468314,annual_review
SAL0957,EMP0321,31/07/2019,34861297,4216769,39078066,market_adjustment
SAL0958,EMP0322,2024-04-17,4943659,916032,5859691,initial
SAL0959,EMP0322,29/10/2024,5314255,995758,6310013,correction
SAL0960,EMP0322,2025-05-31,5944188,1076136,7020324,market_adjustment
SAL0961,EMP0322,2025-06-20,6283356,1059224,7342580,market_adjustment
SAL0962,EMP0323,22-04-2018,7691851,1355951,9047802,initial
SAL0963,EMP0323,07/10/2019,8418826,1336029,9754855,promotion
SAL0964,EMP0323,2021-01-19,9464805,1091946,10556751,annual_review
SAL0965,EMP0324,2024-12-15,9995651,1993390,11989041,initial
SAL0966,EMP0324,2025-06-10,11254078,1771255,13025333,correction
SAL0967,EMP0324,2025-06-18,11867476,1262354,13129830,market_adjustment
SAL0968,EMP0325,2020-05-31,7620821,905611,8526432,initial
SAL0969,EMP0325,2021-01-21,8150170,1335815,9485985,market_adjustment
SAL0970,EMP0326,18/09/2018,7277775,795636,8073411,initial
SAL0971,EMP0326,2019-05-09,8085508,834472,8919980,annual_review
SAL0972,EMP0326,2020-10-22,8913493,1057757,9971250,annual_review
SAL0973,EMP0327,2018-05-03,16165866,3089855,19255721,initial
SAL0974,EMP0327,2019-05-15,17201420,2220884,19422304,annual_review
SAL0975,EMP0327,05/08/2020,17861912,2444674,20306586,annual_review
SAL0976,EMP0328,2016-09-21,6046334,708524,6754858,initial
SAL0977,EMP0328,2017-10-16,6511494,735237,7246731,annual_review
SAL0978,EMP0328,2018-11-14,7080534,983481,8064015,annual_review
SAL0979,EMP0329,21/05/2020,31928308,3607682,35535990,initial
SAL0980,EMP0329,2021-03-02,34072959,3948310,38021269,market_adjustment
SAL0981,EMP0329,2022-06-19,38935119,4683789,43618908,correction
SAL0982,EMP0329,2023-12-01,42247515,4256197,46503712,annual_review
SAL0983,EMP0330,2015-12-02,17393974,2514701,19908675,initial
SAL0984,EMP0330,2016-12-20,19178279,2926330,22104609,annual_review
SAL0985,EMP0331,2016-01-09,9818085,1540682,11358767,initial
SAL0986,EMP0331,2017-03-15,10654826,1107126,11761952,correction
SAL0987,EMP0332,31/12/2019,6382112,821959,7204071,initial
SAL0988,EMP0332,2021-02-16,6839159,951388,7790547,promotion
SAL0989,EMP0332,12/11/2021,7384967,1403117,8788084,annual_review
SAL0990,EMP0333,2021-04-30,17249042,2514613,19763655,initial
SAL0991,EMP0333,2022-09-29,18146221,1987980,20134201,correction
SAL0992,EMP0334,23/08/2019,8930328,1737562,10667890,initial
SAL0993,EMP0334,2020-06-20,10147219,1292528,11439747,annual_review
SAL0994,EMP0334,2021-11-03,11106420,1885918,12992338,annual_review
SAL0995,EMP0335,2022-09-15,49240036,9366610,58606646,initial
SAL0996,EMP0335,2023-11-21,53147399,5959049,59106448,correction
SAL0997,EMP0335,23-11-2024,55229928,8308761,63538689,annual_review
SAL0998,EMP0336,2024-07-29,28078018,3723182,31801200,initial
SAL0999,EMP0336,25/06/2025,29772020,3110089,32882109,correction
SAL1000,EMP0336,28/06/2025,32947622,4550579,37498201,market_adjustment
SAL1001,EMP0337,2016-12-09,38399688,7126110,45525798,initial
SAL1002,EMP0337,2017-12-27,39725742,4428159,44153901,promotion
SAL1003,EMP0337,2018-09-02,42476878,6306793,48783671,market_adjustment
SAL1004,EMP0338,30/08/2022,4143103,448511,4591614,initial
SAL1005,EMP0338,2024-01-28,4387857,500327,4888184,market_adjustment
SAL1006,EMP0338,15-12-2024,4962611,912373,5874984,annual_review
SAL1007,EMP0339,2015-12-23,8545894,940488,9486382,initial
SAL1008,EMP0339,2016-11-17,8929588,1043380,9972968,market_adjustment
SAL1009,EMP0339,2018-04-24,10015699,1155307,11171006,promotion
SAL1010,EMP0339,2019-04-22,10530033,1993006,12523039,annual_review
SAL1011,EMP0340,17/10/2024,8232623,1001224,9233847,initial
SAL1012,EMP0340,29/06/2025,9305993,1527124,10833117,correction
SAL1013,EMP0341,30-08-2016,9004843,1494840,10499683,initial
SAL1014,EMP0341,2017-04-19,9697083,1400245,11097328,promotion
SAL1015,EMP0341,2018-08-18,9993424,1765952,11759376,market_adjustment
SAL1016,EMP0342,24/10/2023,9895755,1236672,11132427,initial
SAL1017,EMP0342,21-08-2024,10430108,1482830,11912938,annual_review
SAL1018,EMP0342,24/02/2025,11164950,1875666,13040616,annual_review
SAL1019,EMP0343,2021-06-01,6264960,764680,7029640,initial
SAL1020,EMP0343,2022-01-16,7052032,1215778,8267810,annual_review
SAL1021,EMP0343,2022-08-06,7615359,1382663,8998022,annual_review
SAL1022,EMP0344,29/10/2021,35827329,5596422,41423751,initial
SAL1023,EMP0344,02-08-2022,39587794,5522750,45110544,correction
SAL1024,EMP0344,2023-09-05,41349311,4572759,45922070,annual_review
SAL1025,EMP0344,2024-08-15,43451286,7186811,50638097,market_adjustment
SAL1026,EMP0345,2023-05-13,15201014,2111704,17312718,initial
SAL1027,EMP0345,2024-06-30,16058526,2649568,18708094,promotion
SAL1028,EMP0345,2025-06-29,16670030,2352302,19022332,annual_review
SAL1029,EMP0346,27-06-2018,18381494,3645238,22026732,initial
SAL1030,EMP0346,2019-02-14,20504625,2402032,22906657,correction
SAL1031,EMP0346,30-09-2019,22595769,3791345,26387114,market_adjustment
SAL1032,EMP0346,2021-03-18,23634084,3865008,27499092,annual_review
SAL1033,EMP0347,06-09-2023,5853813,987904,6841717,initial
SAL1034,EMP0347,2025-02-08,6368103,648049,7016152,promotion
SAL1035,EMP0347,2025-06-16,6851343,1030044,7881387,annual_review
SAL1036,EMP0348,2024-03-28,8955428,1780680,10736108,initial
SAL1037,EMP0348,2025-01-21,9246887,1210277,10457164,annual_review
SAL1038,EMP0348,2025-06-06,9794538,1038145,10832683,annual_review
SAL1039,EMP0349,26/09/2015,7570865,1134665,8705530,initial
SAL1040,EMP0349,05-07-2016,7935784,1303086,9238870,annual_review
SAL1041,EMP0350,2024-11-10,32988101,6344961,39333062,initial
SAL1042,EMP0350,2025-05-31,35734266,4053219,39787485,promotion
SAL1043,EMP0350,2025-06-10,40180913,6111006,46291919,annual_review
SAL1044,EMP0351,18/10/2017,7740189,1275619,9015808,initial
SAL1045,EMP0351,2018-09-10,8669523,1601204,10270727,annual_review
SAL1046,EMP0351,2019-08-25,9286163,1429429,10715592,annual_review
SAL1047,EMP0352,2019-02-17,14166421,2552012,16718433,initial
SAL1048,EMP0352,06/08/2020,15814546,2961599,18776145,correction
SAL1049,EMP0353,06/03/2019,18748847,2477916,21226763,initial
SAL1050,EMP0353,15/04/2020,20728235,3875903,24604138,annual_review
SAL1051,EMP0354,2018-12-03,6293538,1229544,7523082,initial
SAL1052,EMP0354,2019-06-27,6961433,1349316,8310749,annual_review
SAL1053,EMP0355,2015-07-23,17106564,1867625,18974189,initial
SAL1054,EMP0355,2016-11-17,18746427,2317639,21064066,annual_review
SAL1055,EMP0356,2018-01-07,4163922,593875,4757797,initial
SAL1056,EMP0356,2019-03-02,4444468,553302,4997770,annual_review
SAL1057,EMP0357,05/04/2022,12960096,2081198,15041294,initial
SAL1058,EMP0357,2023-03-06,13792682,2714021,16506703,market_adjustment
SAL1059,EMP0357,2023-12-14,14656425,1582917,16239342,market_adjustment
SAL1060,EMP0358,29-12-2022,21032783,2940897,23973680,initial
SAL1061,EMP0358,20/09/2023,22851816,3439866,26291682,market_adjustment
SAL1062,EMP0358,2024-10-25,25622345,2612995,28235340,market_adjustment
SAL1063,EMP0358,17-06-2025,29016923,4628731,33645654,promotion
SAL1064,EMP0359,26/03/2020,6640884,1031231,7672115,initial
SAL1065,EMP0359,2020-12-20,7045147,919988,7965135,market_adjustment
SAL1066,EMP0359,2021-11-10,7573657,1121540,8695197,correction
SAL1067,EMP0360,18-04-2021,20590741,2340459,22931200,initial
SAL1068,EMP0360,2022-06-12,21692055,2178273,23870328,annual_review
SAL1069,EMP0360,22/08/2023,24244000,3615880,27859880,promotion
SAL1070,EMP0361,08/03/2022,21976304,4264029,26240333,initial
SAL1071,EMP0361,2023-03-14,23648359,3880810,27529169,promotion
SAL1072,EMP0362,02-08-2023,44740374,4792742,49533116,initial
SAL1073,EMP0362,2024-02-17,51411015,7119531,58530546,annual_review
SAL1074,EMP0362,2025-05-31,53955011,10559518,64514529,market_adjustment
SAL1075,EMP0363,08/05/2022,9234942,1766723,11001665,initial
SAL1076,EMP0363,2023-05-01,10076734,1647525,11724259,market_adjustment
SAL1077,EMP0364,2021-07-16,4772130,809570,5581700,initial
SAL1078,EMP0364,2022-12-11,5135957,891429,6027386,market_adjustment
SAL1079,EMP0364,11/10/2023,5584465,910799,6495264,promotion
SAL1080,EMP0365,14/07/2022,8837134,908683,9745817,initial
SAL1081,EMP0365,16/12/2023,9786595,1571174,11357769,promotion
SAL1082,EMP0366,11/01/2017,26426399,3032078,29458477,initial
SAL1083,EMP0366,2017-11-13,29128707,2948807,32077514,annual_review
SAL1084,EMP0366,28/06/2018,32255023,4508177,36763200,market_adjustment
SAL1085,EMP0367,2023-07-22,44668280,8818168,53486448,initial
SAL1086,EMP0367,28/02/2024,48787787,9152618,57940405,annual_review
SAL1087,EMP0368,19/09/2019,12782058,2338796,15120854,initial
SAL1088,EMP0368,2020-07-24,14226691,2799362,17026053,correction
SAL1089,EMP0368,2021-12-23,16167184,2114633,18281817,correction
SAL1090,EMP0369,2020-04-11,7726413,1354024,9080437,initial
SAL1091,EMP0369,22/11/2020,8059520,1431927,9491447,correction
SAL1092,EMP0369,2021-11-13,9088780,1589382,10678162,promotion
SAL1093,EMP0370,23/09/2024,9900773,1730942,11631715,initial
SAL1094,EMP0370,21/06/2025,10205424,1853702,12059126,annual_review
SAL1095,EMP0370,2025-06-27,10597118,1616020,12213138,market_adjustment
SAL1096,EMP0370,2025-06-21,11847207,1393706,13240913,annual_review
SAL1097,EMP0371,16-07-2016,6781818,1155653,7937471,initial
SAL1098,EMP0371,23/04/2017,7381171,1438208,8819379,correction
SAL1099,EMP0371,2018-06-07,8104902,960948,9065850,annual_review
SAL1100,EMP0372,26/09/2023,6247388,1093240,7340628,initial
SAL1101,EMP0372,2024-06-30,6629242,955095,7584337,market_adjustment
SAL1102,EMP0372,2025-06-27,7518909,811899,8330808,annual_review
SAL1103,EMP0373,20/01/2015,16437925,2264699,18702624,initial
SAL1104,EMP0373,2015-12-07,17057823,2704767,19762590,annual_review
SAL1105,EMP0373,2017-02-03,18562720,1873918,20436638,annual_review
SAL1106,EMP0373,2017-12-16,20794253,3462913,24257166,annual_review
SAL1107,EMP0374,2020-06-28,9310174,1850507,11160681,initial
SAL1108,EMP0374,2021-02-12,9825289,1351631,11176920,annual_review
SAL1109,EMP0374,2022-05-04,11283633,2180142,13463775,promotion
SAL1110,EMP0374,2023-06-30,12647027,1807833,14454860,correction
SAL1111,EMP0375,20-04-2019,7555185,1270676,8825861,initial
SAL1112,EMP0375,09-04-2020,8687959,1686325,10374284,annual_review
SAL1113,EMP0375,2021-09-11,9364026,990003,10354029,correction
SAL1114,EMP0376,12-08-2018,7493294,1403551,8896845,initial
SAL1115,EMP0376,2019-03-31,7720866,1332019,9052885,market_adjustment
SAL1116,EMP0376,07-12-2019,7976284,1490771,9467055,annual_review
SAL1117,EMP0376,2020-10-25,9125885,1248813,10374698,annual_review
SAL1118,EMP0377,2017-07-15,8593554,1449032,10042586,initial
SAL1119,EMP0377,11-09-2018,9382353,941171,10323524,annual_review
SAL1120,EMP0377,30/01/2020,10741909,1092055,11833964,promotion
SAL1121,EMP0378,2018-06-07,37086494,6947911,44034405,initial
SAL1122,EMP0378,19/05/2019,41216131,6622455,47838586,annual_review
SAL1123,EMP0378,2020-06-06,46108673,6216988,52325661,annual_review
SAL1124,EMP0378,2021-08-03,52952333,9183405,62135738,annual_review
SAL1125,EMP0379,2021-09-08,34860405,5602672,40463077,initial
SAL1126,EMP0379,2022-05-19,39545052,7058245,46603297,correction
SAL1127,EMP0379,2023-07-31,40882050,7345771,48227821,market_adjustment
SAL1128,EMP0380,2019-01-11,7263946,1331012,8594958,initial
SAL1129,EMP0380,2020-04-15,8342397,974436,9316833,market_adjustment
SAL1130,EMP0381,15-05-2017,4935931,964999,5900930,initial
SAL1131,EMP0381,15/07/2018,5476499,680923,6157422,annual_review
SAL1132,EMP0382,2019-03-17,6714847,1177282,7892129,initial
SAL1133,EMP0382,15-08-2020,7480266,1073338,8553604,annual_review
SAL1134,EMP0382,2021-02-25,7848506,1493294,9341800,promotion
SAL1135,EMP0382,2022-01-14,8291515,1381310,9672825,promotion
SAL1136,EMP0383,17/07/2015,9990896,1895783,11886679,initial
SAL1137,EMP0383,2016-03-16,11088467,1811354,12899821,correction
SAL1138,EMP0383,2017-05-21,11541464,2160493,13701957,promotion
SAL1139,EMP0383,07-09-2018,12949066,1378644,14327710,correction
SAL1140,EMP0384,2020-04-27,20758373,2858449,23616822,initial
SAL1141,EMP0384,2021-05-07,23010041,4524344,27534385,correction
SAL1142,EMP0385,2022-06-06,22331010,4038445,26369455,initial
SAL1143,EMP0385,2023-03-27,23695239,2577284,26272523,promotion
SAL1144,EMP0385,07/11/2023,25373538,4915388,30288926,correction
SAL1145,EMP0386,2016-04-27,49985225,9707169,59692394,initial
SAL1146,EMP0386,13/08/2017,53690551,10491502,64182053,promotion
SAL1147,EMP0386,2018-12-01,60049130,6376526,66425656,promotion
SAL1148,EMP0387,22/09/2023,8246481,981213,9227694,initial
SAL1149,EMP0387,2024-10-04,9463512,1676253,11139765,promotion
SAL1150,EMP0388,2016-10-18,28380134,4765882,33146016,initial
SAL1151,EMP0388,19/06/2017,31001611,4931661,35933272,correction
SAL1152,EMP0388,2018-02-08,33402297,6187314,39589611,correction
SAL1153,EMP0389,2018-09-16,7325090,838503,8163593,initial
SAL1154,EMP0389,2019-08-13,8280765,1391152,9671917,market_adjustment
SAL1155,EMP0389,2020-04-24,9126859,1594516,10721375,annual_review
SAL1156,EMP0390,2022-07-03,48587652,5025633,53613285,initial
SAL1157,EMP0390,2023-06-11,51846278,6602377,58448655,annual_review
SAL1158,EMP0390,2024-09-26,56377327,8428554,64805881,annual_review
SAL1159,EMP0390,2025-05-31,60617185,6987356,67604541,promotion
SAL1160,EMP0391,14/11/2017,5503167,666220,6169387,initial
SAL1161,EMP0391,2018-09-05,6130797,1179049,7309846,annual_review
SAL1162,EMP0391,03/06/2019,6945049,902232,7847281,market_adjustment
SAL1163,EMP0392,2024-02-13,9418408,1562749,10981157,initial
SAL1164,EMP0392,2024-10-31,10821068,1506601,12327669,correction
SAL1165,EMP0393,2023-04-14,39174649,6573109,45747758,initial
SAL1166,EMP0393,06/04/2024,43911870,4706576,48618446,market_adjustment
SAL1167,EMP0393,2025-02-24,46717122,7947090,54664212,annual_review
SAL1168,EMP0394,2018-09-08,5149260,717689,5866949,initial
SAL1169,EMP0394,2019-05-13,5503581,1026888,6530469,correction
SAL1170,EMP0395,2017-01-19,10908038,2017779,12925817,initial
SAL1171,EMP0395,2017-12-20,11834172,1866435,13700607,annual_review
SAL1172,EMP0396,26-09-2022,22413578,3801243,26214821,initial
SAL1173,EMP0396,2023-08-21,25499169,3106146,28605315,annual_review
SAL1174,EMP0396,2024-05-27,28514146,3884270,32398416,annual_review
SAL1175,EMP0397,2024-06-20,5795458,913179,6708637,initial
SAL1176,EMP0397,2025-06-05,6656767,916341,7573108,annual_review
SAL1177,EMP0397,2025-06-09,7528798,825192,8353990,annual_review
SAL1178,EMP0398,2017-01-12,4993789,589083,5582872,initial
SAL1179,EMP0398,2017-08-06,5213923,860348,6074271,correction
SAL1180,EMP0398,2018-12-02,5641770,917900,6559670,annual_review
SAL1181,EMP0399,2016-04-07,7694473,957962,8652435,initial
SAL1182,EMP0399,03-12-2016,8147697,1061392,9209089,market_adjustment
SAL1183,EMP0400,2015-02-20,25001829,4886745,29888574,initial
SAL1184,EMP0400,18-07-2016,27987648,4975450,32963098,annual_review
SAL1185,EMP0401,26-01-2016,46820814,6471109,53291923,initial
SAL1186,EMP0401,2017-06-12,51895415,5249752,57145167,promotion
SAL1187,EMP0401,06-02-2018,53966895,8858176,62825071,market_adjustment
SAL1188,EMP0402,31/08/2016,5905217,891539,6796756,initial
SAL1189,EMP0402,10/03/2017,6498231,961412,7459643,correction
SAL1190,EMP0402,27/08/2018,7274399,859176,8133575,correction
SAL1191,EMP0403,01-09-2020,18123384,3624593,21747977,initial
SAL1192,EMP0403,22/02/2022,19610204,2206611,21816815,correction
SAL1193,EMP0403,03/02/2023,20347935,2411006,22758941,correction
SAL1194,EMP0404,2017-09-13,9409415,1600298,11009713,initial
SAL1195,EMP0404,29/09/2018,10319561,1840467,12160028,correction
SAL1196,EMP0404,24/12/2019,11234158,2063876,13298034,correction
SAL1197,EMP0405,2019-07-10,8260653,1415668,9676321,initial
SAL1198,EMP0405,2020-12-04,8631479,1696673,10328152,annual_review
SAL1199,EMP0405,2021-08-01,9077551,1538840,10616391,correction
SAL1200,EMP0405,2022-01-30,9954139,1117894,11072033,promotion
SAL1201,EMP0406,09/08/2024,6540293,1030149,7570442,initial
SAL1202,EMP0406,2025-06-25,6805426,1259990,8065416,promotion
SAL1203,EMP0407,25/02/2016,4073411,441806,4515217,initial
SAL1204,EMP0407,25/10/2016,4443023,873621,5316644,promotion
SAL1205,EMP0407,2017-07-19,4801868,599434,5401302,annual_review
SAL1206,EMP0408,10/12/2021,6193635,1205414,7399049,initial
SAL1207,EMP0408,28/02/2023,7051790,1170003,8221793,promotion
SAL1208,EMP0408,2024-04-10,7381691,1251271,8632962,market_adjustment
SAL1209,EMP0409,28/10/2018,5096110,973756,6069866,initial
SAL1210,EMP0409,2019-10-23,5619687,679891,6299578,correction
SAL1211,EMP0409,2020-06-09,6235121,771347,7006468,annual_review
SAL1212,EMP0409,2021-03-12,6528172,1277839,7806011,annual_review
SAL1213,EMP0410,23/09/2021,45204612,7016075,52220687,initial
SAL1214,EMP0410,2023-01-18,48508518,8387629,56896147,annual_review
SAL1215,EMP0410,2024-02-18,50396622,6353373,56749995,promotion
SAL1216,EMP0410,02-06-2025,52896210,5730003,58626213,market_adjustment
SAL1217,EMP0411,2015-01-09,7066105,1184650,8250755,initial
SAL1218,EMP0411,2016-06-27,7399549,792164,8191713,annual_review
SAL1219,EMP0412,07-07-2015,5536530,702806,6239336,initial
SAL1220,EMP0412,2016-11-22,6165570,1057053,7222623,annual_review
SAL1221,EMP0412,05-03-2018,6836865,1097279,7934144,correction
SAL1222,EMP0413,2017-03-13,39082341,7119113,46201454,initial
SAL1223,EMP0413,2018-02-17,44909278,6192728,51102006,market_adjustment
SAL1224,EMP0413,2019-06-21,47590349,5352111,52942460,promotion
SAL1225,EMP0414,2023-01-14,6461332,1088074,7549406,initial
SAL1226,EMP0414,2024-02-06,6706314,913949,7620263,annual_review
SAL1227,EMP0414,2025-01-21,7533661,1407932,8941593,annual_review
SAL1228,EMP0414,2025-06-22,7768587,1537780,9306367,market_adjustment
SAL1229,EMP0415,19-05-2016,32456652,4474579,36931231,initial
SAL1230,EMP0415,2017-01-07,36478941,4288943,40767884,annual_review
SAL1231,EMP0415,09-12-2017,40150883,4398692,44549575,market_adjustment
SAL1232,EMP0416,2023-04-04,20853574,3546057,24399631,initial
SAL1233,EMP0416,2024-02-22,22859376,2512396,25371772,correction
SAL1234,EMP0416,2024-09-13,24013538,2835212,26848750,market_adjustment
SAL1235,EMP0416,31/05/2025,27006818,4306553,31313371,correction
SAL1236,EMP0417,2022-10-04,9563606,1341440,10905046,initial
SAL1237,EMP0417,2024-01-30,9996920,1686138,11683058,annual_review
SAL1238,EMP0418,2021-10-18,48931781,5654024,54585805,initial
SAL1239,EMP0418,2022-06-19,51237466,8891864,60129330,correction
SAL1240,EMP0419,2018-01-25,10886921,2088592,12975513,initial
SAL1241,EMP0419,16/06/2019,12486644,2095527,14582171,annual_review
SAL1242,EMP0419,14/07/2020,13920290,2003074,15923364,annual_review
SAL1243,EMP0420,03/10/2021,7484789,1346116,8830905,initial
SAL1244,EMP0420,2022-12-14,7966946,1211449,9178395,market_adjustment
SAL1245,EMP0420,2023-10-07,8497723,1654893,10152616,annual_review
SAL1246,EMP0420,29/10/2024,9538434,1559225,11097659,annual_review
SAL1247,EMP0421,2022-02-04,16286698,2817522,19104220,initial
SAL1248,EMP0421,19/09/2022,17097996,1854423,18952419,annual_review
SAL1249,EMP0421,2023-08-11,18747938,3390277,22138215,market_adjustment
SAL1250,EMP0422,2022-12-19,6044856,1186101,7230957,initial
SAL1251,EMP0422,2024-01-20,6717309,993930,7711239,annual_review
SAL1252,EMP0422,2025-04-07,7471089,1268502,8739591,correction
SAL1253,EMP0423,22/04/2021,7700670,780771,8481441,initial
SAL1254,EMP0423,2022-01-24,8773422,1503904,10277326,annual_review
SAL1255,EMP0423,2023-07-17,9599167,1194353,10793520,promotion
SAL1256,EMP0424,24/01/2024,9099519,1511588,10611107,initial
SAL1257,EMP0424,18/04/2025,10119478,1626578,11746056,annual_review
SAL1258,EMP0424,2025-06-09,11552621,2199386,13752007,correction
SAL1259,EMP0425,2022-07-08,6733223,723903,7457126,initial
SAL1260,EMP0425,13/03/2023,7350269,1045739,8396008,annual_review
SAL1261,EMP0425,21/03/2024,7721149,1033057,8754206,annual_review
SAL1262,EMP0426,2016-08-22,26392789,3298478,29691267,initial
SAL1263,EMP0426,21-11-2017,29879098,3854597,33733695,annual_review
SAL1264,EMP0427,2016-02-24,41210974,5330825,46541799,initial
SAL1265,EMP0427,2016-12-09,42458352,5917087,48375439,correction
SAL1266,EMP0427,10-11-2017,48465915,8848554,57314469,correction
SAL1267,EMP0428,2022-10-09,15594402,3018162,18612564,initial
SAL1268,EMP0428,2024-02-17,17649778,2392858,20042636,annual_review
SAL1269,EMP0428,2025-06-26,19154288,2593285,21747573,promotion
SAL1270,EMP0429,09/08/2015,6021619,812750,6834369,initial
SAL1271,EMP0429,10-05-2016,6492799,715076,7207875,annual_review
SAL1272,EMP0429,2017-07-15,6841496,1036020,7877516,correction
SAL1273,EMP0430,2023-06-20,17578837,2479880,20058717,initial
SAL1274,EMP0430,2024-08-22,18120779,2221780,20342559,promotion
SAL1275,EMP0430,2025-06-19,19315195,3654808,22970003,market_adjustment
SAL1276,EMP0431,2022-08-28,8249939,1494512,9744451,initial
SAL1277,EMP0431,2023-04-20,9476905,1101059,10577964,market_adjustment
SAL1278,EMP0431,15-04-2024,10610825,1442262,12053087,annual_review
SAL1279,EMP0432,2019-10-22,5825600,995722,6821322,initial
SAL1280,EMP0432,2020-06-14,6132889,695273,6828162,annual_review
SAL1281,EMP0432,2021-07-14,6864364,796480,7660844,annual_review
SAL1282,EMP0432,2022-04-21,7851494,878419,8729913,promotion
SAL1283,EMP0433,2015-01-24,23205196,3597092,26802288,initial
SAL1284,EMP0433,2016-07-06,25890466,4533653,30424119,promotion
SAL1285,EMP0433,25-07-2017,28226382,3193582,31419964,market_adjustment
SAL1286,EMP0434,2021-09-10,16809919,3013535,19823454,initial
SAL1287,EMP0434,12/05/2022,17627974,1786857,19414831,correction
SAL1288,EMP0435,26-10-2015,26482958,3274630,29757588,initial
SAL1289,EMP0435,2017-04-05,29914627,5912442,35827069,market_adjustment
SAL1290,EMP0435,2017-10-06,32371198,4150710,36521908,promotion
SAL1291,EMP0436,2016-10-14,16386047,2885418,19271465,initial
SAL1292,EMP0436,16/08/2017,18092057,2147274,20239331,correction
SAL1293,EMP0436,2018-07-05,20299420,4048226,24347646,promotion
SAL1294,EMP0437,27-11-2024,7037479,1172676,8210155,initial
SAL1295,EMP0437,24/06/2025,7648804,1301172,8949976,annual_review
SAL1296,EMP0438,12/12/2020,8106941,1306109,9413050,initial
SAL1297,EMP0438,2021-09-14,9315736,1517447,10833183,correction
SAL1298,EMP0438,28-05-2022,9851633,1380492,11232125,annual_review
SAL1299,EMP0438,13-04-2023,11318027,1614293,12932320,annual_review
SAL1300,EMP0439,11-09-2017,45685212,5480596,51165808,initial
SAL1301,EMP0439,2018-04-05,49140947,6419999,55560946,correction
SAL1302,EMP0439,2019-08-22,56394884,7535359,63930243,annual_review
SAL1303,EMP0440,21/01/2021,23039562,2445303,25484865,initial
SAL1304,EMP0440,23-02-2022,25510895,2831849,28342744,promotion
SAL1305,EMP0440,2023-02-24,27135089,4644402,31779491,promotion
SAL1306,EMP0441,2019-12-31,7035861,928621,7964482,initial
SAL1307,EMP0441,22/07/2020,7400390,778617,8179007,annual_review
SAL1308,EMP0441,01/07/2021,7810647,999887,8810534,market_adjustment
SAL1309,EMP0442,29-01-2016,8543936,940483,9484419,initial
SAL1310,EMP0442,29/10/2016,9058892,1235253,10294145,market_adjustment
SAL1311,EMP0442,2017-09-29,9451897,1590717,11042614,annual_review
SAL1312,EMP0443,08/07/2022,12186206,1622242,13808448,initial
SAL1313,EMP0443,2023-07-08,13638214,2085094,15723308,correction
SAL1314,EMP0443,2024-07-12,14437280,1746958,16184238,promotion
SAL1315,EMP0444,2022-04-02,21443279,2331380,23774659,initial
SAL1316,EMP0444,22/11/2022,22422341,2512096,24934437,correction
SAL1317,EMP0444,2024-03-16,25700478,3065880,28766358,annual_review
SAL1318,EMP0445,2015-12-25,7869694,1515310,9385004,initial
SAL1319,EMP0445,2016-07-30,8995203,1207963,10203166,correction
SAL1320,EMP0446,19-03-2024,27169364,4005303,31174667,initial
SAL1321,EMP0446,27-12-2024,29724015,3102625,32826640,annual_review
SAL1322,EMP0446,2025-06-17,32579288,6162654,38741942,promotion
SAL1323,EMP0447,2019-11-09,5592483,1036532,6629015,initial
SAL1324,EMP0447,2021-02-17,6414662,929152,7343814,promotion
SAL1325,EMP0447,15/10/2021,7308236,1083680,8391916,annual_review
SAL1326,EMP0447,06-01-2023,8344250,1494359,9838609,correction
SAL1327,EMP0448,2015-09-17,17800706,2846606,20647312,initial
SAL1328,EMP0448,06/03/2017,20401361,2132850,22534211,promotion
SAL1329,EMP0448,18-06-2018,21162233,3683742,24845975,annual_review
SAL1330,EMP0448,06/07/2019,23054202,4311725,27365927,correction
SAL1331,EMP0449,20-10-2021,16258048,1894905,18152953,initial
SAL1332,EMP0449,03-01-2023,17495253,2450820,19946073,market_adjustment
SAL1333,EMP0449,2023-11-18,18454534,2140731,20595265,annual_review
SAL1334,EMP0450,2020-04-25,6913551,1100715,8014266,initial
SAL1335,EMP0450,26-10-2020,7850327,1142568,8992895,correction
SAL1336,EMP0450,2022-01-17,8329669,1079828,9409497,annual_review
SAL1337,EMP0451,2018-04-23,34009856,5278842,39288698,initial
SAL1338,EMP0451,15/01/2019,35944048,4450652,40394700,correction
SAL1339,EMP0451,2019-08-03,39781213,7666826,47448039,promotion
SAL1340,EMP0452,2016-08-02,34074287,6383418,40457705,initial
SAL1341,EMP0452,24-02-2017,37723287,7505184,45228471,annual_review
SAL1342,EMP0452,08/12/2017,41274986,6804781,48079767,annual_review
SAL1343,EMP0452,2019-04-25,45510589,6028159,51538748,promotion
SAL1344,EMP0453,2018-06-02,9969606,1700278,11669884,initial
SAL1345,EMP0453,2019-09-06,10584576,1490671,12075247,annual_review
SAL1346,EMP0453,11/01/2021,11276674,1833536,13110210,annual_review
SAL1347,EMP0454,2016-08-06,25349240,4623528,29972768,initial
SAL1348,EMP0454,2017-05-25,28331760,3333898,31665658,promotion
SAL1349,EMP0454,29-11-2017,31008732,3430938,34439670,correction
SAL1350,EMP0455,2022-07-11,16408577,3192545,19601122,initial
SAL1351,EMP0455,18-05-2023,18613940,2886794,21500734,correction
SAL1352,EMP0455,27-06-2024,19665193,2367529,22032722,promotion
SAL1353,EMP0456,05/04/2018,8641575,1562165,10203740,initial
SAL1354,EMP0456,2019-04-22,9062220,1567593,10629813,annual_review
SAL1355,EMP0456,2020-05-28,9734970,1064704,10799674,market_adjustment
SAL1356,EMP0456,24/02/2021,10563676,1255873,11819549,annual_review
SAL1357,EMP0457,2018-09-17,41459065,8056968,49516033,initial
SAL1358,EMP0457,2019-06-16,45924526,6016848,51941374,annual_review
SAL1359,EMP0457,2020-03-12,51807453,6153938,57961391,correction
SAL1360,EMP0458,2017-03-03,4300988,461086,4762074,initial
SAL1361,EMP0458,02-01-2018,4664864,513244,5178108,market_adjustment
SAL1362,EMP0458,2019-03-27,4881663,782673,5664336,annual_review
SAL1363,EMP0459,2022-10-11,21339692,2953393,24293085,initial
SAL1364,EMP0459,04/06/2023,24096512,2728156,26824668,annual_review
SAL1365,EMP0459,12/01/2024,25593357,2593878,28187235,correction
SAL1366,EMP0459,2024-07-14,29302195,4519483,33821678,annual_review
SAL1367,EMP0460,2018-07-06,9432011,1262370,10694381,initial
SAL1368,EMP0460,14-02-2019,9943967,1749811,11693778,market_adjustment
SAL1369,EMP0460,2020-03-27,11215360,1493612,12708972,promotion
SAL1370,EMP0461,2024-11-04,6648075,826893,7474968,initial
SAL1371,EMP0461,2025-06-08,7060885,792990,7853875,correction
SAL1372,EMP0461,2025-06-27,7734190,1169055,8903245,annual_review
SAL1373,EMP0462,2021-03-09,5754232,814387,6568619,initial
SAL1374,EMP0462,2021-09-05,6556717,804296,7361013,annual_review
SAL1375,EMP0462,17-09-2022,6869375,842105,7711480,promotion
SAL1376,EMP0463,2017-03-15,29747006,5010637,34757643,initial
SAL1377,EMP0463,2018-08-28,33795777,5041723,38837500,annual_review
SAL1378,EMP0463,2019-04-21,35720199,4848330,40568529,promotion
SAL1379,EMP0463,28/08/2020,38222290,7351367,45573657,promotion
SAL1380,EMP0464,11/02/2024,16422780,3113079,19535859,initial
SAL1381,EMP0464,14-06-2025,17213247,2634454,19847701,market_adjustment
SAL1382,EMP0464,25/06/2025,19133074,3622115,22755189,annual_review
SAL1383,EMP0464,2025-06-21,21141491,2850688,23992179,promotion
SAL1384,EMP0465,2021-01-19,28487062,3620971,32108033,initial
SAL1385,EMP0465,2022-03-30,31603768,5722555,37326323,promotion
SAL1386,EMP0465,2022-11-04,35543580,6318880,41862460,annual_review
SAL1387,EMP0466,2023-03-23,17459356,2305081,19764437,initial
SAL1388,EMP0466,05/04/2024,18919018,3433139,22352157,market_adjustment
SAL1389,EMP0466,2024-11-28,20798454,2380732,23179186,promotion
SAL1390,EMP0467,30/01/2019,20419936,4073311,24493247,initial
SAL1391,EMP0467,30/10/2019,22913296,3022987,25936283,promotion
SAL1392,EMP0467,30-11-2020,24924043,3992191,28916234,market_adjustment
SAL1393,EMP0468,02/01/2020,8670111,1156129,9826240,initial
SAL1394,EMP0468,30-05-2021,9889064,1402921,11291985,market_adjustment
SAL1395,EMP0468,07/08/2022,10825060,1658912,12483972,market_adjustment
SAL1396,EMP0468,2023-05-31,11649445,1997787,13647232,correction
SAL1397,EMP0469,2023-07-16,18840685,2972827,21813512,initial
SAL1398,EMP0469,01/01/2025,21240141,3617394,24857535,annual_review
SAL1399,EMP0469,2025-06-19,21884650,2981561,24866211,annual_review
SAL1400,EMP0470,2022-07-01,22951164,4492956,27444120,initial
SAL1401,EMP0470,22/02/2023,23803783,3239358,27043141,promotion
SAL1402,EMP0470,31-10-2023,25359685,4654142,30013827,annual_review
SAL1403,EMP0471,19/11/2024,8313160,1639205,9952365,initial
SAL1404,EMP0471,23/06/2025,8772782,926287,9699069,annual_review
SAL1405,EMP0471,2025-06-27,10048750,1384175,11432925,annual_review
SAL1406,EMP0472,2024-05-12,15442027,2619156,18061183,initial
SAL1407,EMP0472,2025-06-13,16594034,2759168,19353202,annual_review
SAL1408,EMP0472,2025-06-15,18759430,1932569,20691999,annual_review
SAL1409,EMP0472,26/06/2025,19500037,1974335,21474372,annual_review
SAL1410,EMP0473,2019-02-05,5742875,1041591,6784466,initial
SAL1411,EMP0473,19-10-2019,6442645,1123312,7565957,market_adjustment
SAL1412,EMP0473,2021-01-11,7175996,1055003,8230999,promotion
SAL1413,EMP0474,16-12-2018,9030625,1207698,10238323,initial
SAL1414,EMP0474,09/05/2020,10054965,1117374,11172339,promotion
SAL1415,EMP0475,2019-12-07,11006646,2070523,13077169,initial
SAL1416,EMP0475,2020-06-20,12134836,1824224,13959060,annual_review
SAL1417,EMP0476,07-09-2016,6045581,844199,6889780,initial
SAL1418,EMP0476,2017-10-08,6720197,1044423,7764620,market_adjustment
SAL1419,EMP0476,16-08-2018,7663027,1000817,8663844,correction
SAL1420,EMP0476,2019-06-08,8282509,1053392,9335901,annual_review
SAL1421,EMP0477,05-02-2024,28084877,4273116,32357993,initial
SAL1422,EMP0477,2024-10-06,31431925,5088966,36520891,market_adjustment
SAL1423,EMP0477,18-06-2025,33067744,5307648,38375392,correction
SAL1424,EMP0477,2025-06-04,36807414,4833511,41640925,market_adjustment
SAL1425,EMP0478,2016-10-22,8692285,1221352,9913637,initial
SAL1426,EMP0478,2017-10-31,9124977,1502561,10627538,promotion
SAL1427,EMP0479,21-10-2016,6816759,865673,7682432,initial
SAL1428,EMP0479,2017-06-11,7084910,1260261,8345171,correction
SAL1429,EMP0479,28/05/2018,7321304,851292,8172596,promotion
SAL1430,EMP0480,2016-11-12,6446544,686762,7133306,initial
SAL1431,EMP0480,2018-03-12,6648431,789663,7438094,promotion
SAL1432,EMP0480,20/12/2018,7357198,912539,8269737,annual_review
SAL1433,EMP0481,07-11-2024,4178340,825917,5004257,initial
SAL1434,EMP0481,29/06/2025,4586349,479585,5065934,market_adjustment
SAL1435,EMP0481,2025-06-28,5243210,1038439,6281649,annual_review
SAL1436,EMP0482,2016-11-29,27611088,3540851,31151939,initial
SAL1437,EMP0482,2017-12-17,30096801,5272484,35369285,promotion
SAL1438,EMP0483,19/12/2017,49350052,6691064,56041116,initial
SAL1439,EMP0483,2018-08-22,54991691,7321143,62312834,annual_review
SAL1440,EMP0483,2019-11-02,57307960,5866531,63174491,annual_review
SAL1441,EMP0484,2016-06-25,9338956,1290748,10629704,initial
SAL1442,EMP0484,2017-10-18,10592780,1366595,11959375,annual_review
SAL1443,EMP0484,2018-07-02,11777951,2220383,13998334,annual_review
SAL1444,EMP0485,08/04/2024,4195645,819333,5014978,initial
SAL1445,EMP0485,2025-01-31,4766790,843162,5609952,annual_review
SAL1446,EMP0485,2025-05-31,5196727,858184,6054911,correction
SAL1447,EMP0486,22-09-2021,27895575,3741955,31637530,initial
SAL1448,EMP0486,2022-05-27,29867303,4848869,34716172,promotion
SAL1449,EMP0486,2023-07-01,30906731,3829685,34736416,market_adjustment
SAL1450,EMP0487,2021-10-07,8560149,1375510,9935659,initial
SAL1451,EMP0487,22-06-2022,9399284,1031483,10430767,market_adjustment
SAL1452,EMP0488,2022-10-28,6062670,692734,6755404,initial
SAL1453,EMP0488,01/10/2023,6642602,995667,7638269,annual_review
SAL1454,EMP0488,2024-11-16,7091949,823710,7915659,promotion
SAL1455,EMP0489,2021-08-09,19699588,3105662,22805250,initial
SAL1456,EMP0489,04-08-2022,20501509,3507100,24008609,annual_review
SAL1457,EMP0489,2023-09-23,21751143,4303428,26054571,market_adjustment
SAL1458,EMP0490,2020-05-08,9200867,1726687,10927554,initial
SAL1459,EMP0490,02/10/2021,10497262,2069724,12566986,annual_review
SAL1460,EMP0490,05-12-2022,10862053,1521707,12383760,promotion
SAL1461,EMP0491,2015-01-23,9594522,1554008,11148530,initial
SAL1462,EMP0491,04/07/2016,10030862,1517147,11548009,promotion
SAL1463,EMP0492,2022-05-05,25479584,4973729,30453313,initial
SAL1464,EMP0492,2023-05-11,26499248,3990634,30489882,market_adjustment
SAL1465,EMP0492,20/03/2024,30084305,4875503,34959808,annual_review
SAL1466,EMP0493,2022-04-22,8700573,919701,9620274,initial
SAL1467,EMP0493,2023-02-21,9692172,976915,10669087,correction
SAL1468,EMP0493,2023-10-12,10320993,1620533,11941526,annual_review
SAL1469,EMP0494,2018-02-02,9581219,1028044,10609263,initial
SAL1470,EMP0494,15/02/2019,10873716,1466796,12340512,annual_review
SAL1471,EMP0495,2021-03-22,7964984,1308236,9273220,initial
SAL1472,EMP0495,14/05/2022,8308229,1438800,9747029,annual_review
SAL1473,EMP0495,2023-06-01,9323378,1306690,10630068,annual_review
SAL1474,EMP0495,2023-12-31,9958059,1480061,11438120,correction
SAL1475,EMP0496,2023-04-02,26782485,4663593,31446078,initial
SAL1476,EMP0496,2023-11-26,28480628,4400488,32881116,annual_review
SAL1477,EMP0496,19/01/2025,29832365,3938428,33770793,annual_review
SAL1478,EMP0496,11/06/2025,33498901,6486927,39985828,annual_review
SAL1479,EMP0497,28-05-2017,7516210,1345070,8861280,initial
SAL1480,EMP0497,24-07-2018,7934190,1482123,9416313,annual_review
SAL1481,EMP0498,08/01/2024,5997841,1054790,7052631,initial
SAL1482,EMP0498,2025-02-07,6371996,690463,7062459,annual_review
SAL1483,EMP0498,2025-06-22,6872887,1287824,8160711,promotion
SAL1484,EMP0498,2025-06-03,7425237,1239750,8664987,annual_review
SAL1485,EMP0499,2017-06-27,7088200,839298,7927498,initial
SAL1486,EMP0499,2018-01-20,7379475,990339,8369814,market_adjustment
SAL1487,EMP0499,2018-12-18,7746559,1504336,9250895,promotion
SAL1488,EMP0499,17-02-2020,8420973,1655217,10076190,annual_review
SAL1489,EMP0500,2021-11-19,7832004,1060995,8892999,initial
SAL1490,EMP0500,07-05-2023,8602970,1342844,9945814,annual_review
SAL1491,EMP0500,2024-09-03,9066043,1465537,10531580,correction
SAL1492,EMP0500,09-06-2025,10411118,1055881,11466999,promotion
SAL1493,EMP0010,14/02/2019,7596381,792990,8389371,initial
SAL1494,EMP0030,2020-03-15,35344207,6027128,41371335,initial
SAL1495,EMP0060,13-06-2021,43092456,7748446,50840902,initial
SAL1496,EMP0090,2024-06-26,17369560,3052787,20422347,initial
SAL1497,EMP0130,2024-05-18,8689860,1038568,9728428,initial
SAL1498,EMP0200,11/10/2023,4306064,442996,4749060,initial
SAL1499,EMP0280,2024-09-17,8777791,1740655,10518446,initial
SAL1500,EMP0410,23/09/2021,45204612,7016075,52220687,initial
